-- phpMyAdmin SQL Dump
-- version 5.2.1
-- https://www.phpmyadmin.net/
--
-- Máy chủ: 127.0.0.1
-- Thời gian đã tạo: Th12 25, 2024 lúc 06:57 AM
-- Phiên bản máy phục vụ: 10.4.32-MariaDB
-- Phiên bản PHP: 8.2.12

SET SQL_MODE = "NO_AUTO_VALUE_ON_ZERO";
START TRANSACTION;
SET time_zone = "+00:00";


/*!40101 SET @OLD_CHARACTER_SET_CLIENT=@@CHARACTER_SET_CLIENT */;
/*!40101 SET @OLD_CHARACTER_SET_RESULTS=@@CHARACTER_SET_RESULTS */;
/*!40101 SET @OLD_COLLATION_CONNECTION=@@COLLATION_CONNECTION */;
/*!40101 SET NAMES utf8mb4 */;

--
-- Cơ sở dữ liệu: `sms`
--

-- --------------------------------------------------------

--
-- Cấu trúc bảng cho bảng `bangiamhieu`
--

CREATE TABLE `bangiamhieu` (
  `MaBGH` varchar(10) NOT NULL,
  `MaTK` int(11) DEFAULT NULL,
  `ChucVu` enum('Hiệu trưởng','Phó hiệu trưởng') DEFAULT NULL
) ENGINE=InnoDB DEFAULT CHARSET=utf8mb4 COLLATE=utf8mb4_general_ci;

--
-- Đang đổ dữ liệu cho bảng `bangiamhieu`
--

INSERT INTO `bangiamhieu` (`MaBGH`, `MaTK`, `ChucVu`) VALUES
('BGH0001', 1, 'Hiệu trưởng'),
('BGH0002', 2, 'Phó hiệu trưởng');

--
-- Bẫy `bangiamhieu`
--
DELIMITER $$
CREATE TRIGGER `trg_BGH_BeforeInsert` BEFORE INSERT ON `bangiamhieu` FOR EACH ROW BEGIN
    SET NEW.MaBGH = CONCAT('BGH', LPAD((SELECT IFNULL(MAX(CAST(SUBSTRING(MaBGH, 4) AS UNSIGNED)), 0) + 1 FROM BANGIAMHIEU), 4, '0'));
END
$$
DELIMITER ;

-- --------------------------------------------------------

--
-- Cấu trúc bảng cho bảng `ctptt`
--

CREATE TABLE `ctptt` (
  `MaCTPTT` int(11) NOT NULL,
  `MaHS` varchar(10) DEFAULT NULL,
  `HocKy` int(11) DEFAULT NULL,
  `NamHoc` varchar(10) DEFAULT NULL,
  `TongHocPhi` float DEFAULT NULL,
  `DaThanhToan` float DEFAULT NULL,
  `TrangThai` enum('Chưa thanh toán','Thanh toán một phần','Đã thanh toán') NOT NULL DEFAULT 'Chưa thanh toán',
  `NgayCapNhat` date DEFAULT NULL
) ENGINE=InnoDB DEFAULT CHARSET=utf8mb4 COLLATE=utf8mb4_general_ci;

--
-- Đang đổ dữ liệu cho bảng `ctptt`
--

INSERT INTO `ctptt` (`MaCTPTT`, `MaHS`, `HocKy`, `NamHoc`, `TongHocPhi`, `DaThanhToan`, `TrangThai`, `NgayCapNhat`) VALUES
(1, 'HS0001', 1, '2024-2025', 3000000, 3000000, 'Đã thanh toán', '2024-12-25'),
(2, 'HS0002', 1, '2024-2025', 3000000, 0, 'Chưa thanh toán', '2024-12-25'),
(3, 'HS0003', 1, '2024-2025', 3000000, 2500000, 'Thanh toán một phần', '2024-12-25');

-- --------------------------------------------------------

--
-- Cấu trúc bảng cho bảng `danhhieu`
--

CREATE TABLE `danhhieu` (
  `MaDH` int(11) NOT NULL,
  `TenDH` varchar(100) DEFAULT NULL,
  `DiemTBToiThieu` float DEFAULT NULL,
  `DiemHanhKiemToiThieu` float DEFAULT NULL
) ENGINE=InnoDB DEFAULT CHARSET=utf8mb4 COLLATE=utf8mb4_general_ci;

--
-- Đang đổ dữ liệu cho bảng `danhhieu`
--

INSERT INTO `danhhieu` (`MaDH`, `TenDH`, `DiemTBToiThieu`, `DiemHanhKiemToiThieu`) VALUES
(1, 'Học sinh Giỏi', 8, 80),
(2, 'Học sinh Tiên tiến', 6.5, 65),
(3, 'Học sinh Trung bình', 5, 50),
(4, 'Học sinh Yếu', 3.5, 35);

-- --------------------------------------------------------

--
-- Cấu trúc bảng cho bảng `diem`
--

CREATE TABLE `diem` (
  `MaDiem` int(11) NOT NULL,
  `MaHS` varchar(10) DEFAULT NULL,
  `MaGV` varchar(10) DEFAULT NULL,
  `MaMH` int(11) DEFAULT NULL,
  `Diem15P_1` float DEFAULT NULL,
  `Diem15P_2` float DEFAULT NULL,
  `Diem1Tiet_1` float DEFAULT NULL,
  `Diem1Tiet_2` float DEFAULT NULL,
  `DiemCK` float DEFAULT NULL,
  `HocKy` int(11) DEFAULT NULL,
  `NamHoc` varchar(10) DEFAULT NULL,
  `NhanXet` text DEFAULT NULL
) ENGINE=InnoDB DEFAULT CHARSET=utf8mb4 COLLATE=utf8mb4_general_ci;

--
-- Đang đổ dữ liệu cho bảng `diem`
--

INSERT INTO `diem` (`MaDiem`, `MaHS`, `MaGV`, `MaMH`, `Diem15P_1`, `Diem15P_2`, `Diem1Tiet_1`, `Diem1Tiet_2`, `DiemCK`, `HocKy`, `NamHoc`, `NhanXet`) VALUES
(1, 'HS0001', 'GV0001', 1, 8.5, 9, 8, 8.5, 9.5, 1, '2023-2024', 'Chăm chỉ, tiến bộ'),
(2, 'HS0001', 'GV0002', 2, 9, 8.5, 8.5, 9, 9.5, 1, '2023-2024', 'Ý thức học tập tốt'),
(3, 'HS0001', 'GV0003', 3, 8, 8.5, 8.5, 9, 9, 1, '2023-2024', 'Nổi bật trong môn học'),
(4, 'HS0001', 'GV0004', 4, 9.5, 9, 8.5, 9, 9.5, 1, '2023-2024', 'Thành tích tốt'),
(5, 'HS0001', 'GV0001', 1, 8, 9, 8.5, 9, 9, 2, '2023-2024', 'Chăm chỉ, tiến bộ'),
(6, 'HS0001', 'GV0002', 2, 9, 9.5, 9, 8.5, 9.5, 2, '2023-2024', 'Ý thức học tập tốt'),
(7, 'HS0001', 'GV0003', 3, 8.5, 8.5, 9, 9, 9.5, 2, '2023-2024', 'Nổi bật trong môn học'),
(8, 'HS0001', 'GV0004', 4, 9, 8.5, 8.5, 9, 9.5, 2, '2023-2024', 'Thành tích tốt'),
(9, 'HS0002', 'GV0001', 1, 8, 8.5, 8.5, 9, 9, 1, '2023-2024', 'Chăm chỉ, tiến bộ'),
(10, 'HS0002', 'GV0002', 2, 9, 9.5, 8.5, 8, 9.5, 1, '2023-2024', 'Ý thức học tập tốt'),
(11, 'HS0002', 'GV0003', 3, 8.5, 8.5, 8, 8.5, 9, 1, '2023-2024', 'Nổi bật trong môn học'),
(12, 'HS0002', 'GV0004', 4, 9, 8.5, 8.5, 9, 9.5, 1, '2023-2024', 'Thành tích tốt'),
(13, 'HS0002', 'GV0001', 1, 8.5, 9, 8, 8.5, 9.5, 2, '2023-2024', 'Chăm chỉ, tiến bộ'),
(14, 'HS0002', 'GV0002', 2, 9, 9.5, 8.5, 8.5, 9.5, 2, '2023-2024', 'Ý thức học tập tốt'),
(15, 'HS0002', 'GV0003', 3, 8.5, 8.5, 8.5, 9, 9, 2, '2023-2024', 'Nổi bật trong môn học'),
(16, 'HS0002', 'GV0004', 4, 9, 9.5, 9, 8.5, 9.5, 2, '2023-2024', 'Thành tích tốt'),
(17, 'HS0003', 'GV0001', 1, 7.5, 8, 7.5, 8, 8.5, 1, '2023-2024', 'Cần cải thiện'),
(18, 'HS0003', 'GV0002', 2, 8, 7.5, 8, 7.5, 8, 1, '2023-2024', 'Ý thức học tập tốt'),
(19, 'HS0003', 'GV0003', 3, 7.5, 8, 8, 8.5, 8.5, 1, '2023-2024', 'Nổi bật trong môn học'),
(20, 'HS0003', 'GV0004', 4, 8, 8, 7.5, 8, 8.5, 1, '2023-2024', 'Thành tích tốt'),
(21, 'HS0003', 'GV0001', 1, 8, 7.5, 7.5, 8, 8, 2, '2023-2024', 'Chăm chỉ, tiến bộ'),
(22, 'HS0003', 'GV0002', 2, 7.5, 8, 7.5, 8, 8, 2, '2023-2024', 'Ý thức học tập tốt'),
(23, 'HS0003', 'GV0003', 3, 8, 7.5, 7.5, 8, 8.5, 2, '2023-2024', 'Nổi bật trong môn học'),
(24, 'HS0003', 'GV0004', 4, 7.5, 8, 8, 7.5, 8.5, 2, '2023-2024', 'Thành tích tốt'),
(25, 'HS0004', 'GV0001', 1, 8, 8.5, 8, 8.5, 9, 1, '2023-2024', 'Chăm chỉ, tiến bộ'),
(26, 'HS0004', 'GV0002', 2, 8.5, 8, 8, 8.5, 8.5, 1, '2023-2024', 'Ý thức học tập tốt'),
(27, 'HS0004', 'GV0003', 3, 8, 8, 7.5, 8, 8.5, 1, '2023-2024', 'Thành tích tốt'),
(28, 'HS0004', 'GV0004', 4, 7.5, 8, 8, 7.5, 8, 1, '2023-2024', 'Cố gắng học tập'),
(29, 'HS0004', 'GV0001', 1, 8.5, 8, 8.5, 8, 8.5, 2, '2023-2024', 'Chăm chỉ, tiến bộ'),
(30, 'HS0004', 'GV0002', 2, 8, 8.5, 8, 7.5, 8.5, 2, '2023-2024', 'Ý thức học tập tốt'),
(31, 'HS0004', 'GV0003', 3, 8, 8, 8, 8, 8, 2, '2023-2024', 'Thành tích tốt'),
(32, 'HS0004', 'GV0004', 4, 7.5, 8, 7.5, 8, 8.5, 2, '2023-2024', 'Cố gắng học tập'),
(33, 'HS0005', 'GV0001', 1, 8, 8.5, 7.5, 8, 8, 1, '2023-2024', 'Chăm chỉ, tiến bộ'),
(34, 'HS0005', 'GV0002', 2, 8, 7.5, 8, 8, 8.5, 1, '2023-2024', 'Ý thức học tập tốt'),
(35, 'HS0005', 'GV0003', 3, 7.5, 8, 8, 7.5, 8, 1, '2023-2024', 'Thành tích tốt'),
(36, 'HS0005', 'GV0004', 4, 8, 7.5, 7.5, 8, 8.5, 1, '2023-2024', 'Cố gắng học tập'),
(37, 'HS0005', 'GV0001', 1, 8.5, 8, 7.5, 8, 8, 2, '2023-2024', 'Chăm chỉ, tiến bộ'),
(38, 'HS0005', 'GV0002', 2, 7.5, 8, 8, 7.5, 8.5, 2, '2023-2024', 'Ý thức học tập tốt'),
(39, 'HS0005', 'GV0003', 3, 8, 7.5, 8.5, 8, 8, 2, '2023-2024', 'Thành tích tốt'),
(40, 'HS0005', 'GV0004', 4, 7.5, 8, 8, 7.5, 8, 2, '2023-2024', 'Cố gắng học tập'),
(41, 'HS0006', 'GV0001', 1, 7.5, 8, 7, 7.5, 8, 1, '2023-2024', 'Cần cải thiện'),
(42, 'HS0006', 'GV0002', 2, 7.5, 7, 7.5, 8, 8, 1, '2023-2024', 'Tiến bộ'),
(43, 'HS0006', 'GV0003', 3, 7, 7.5, 7, 7.5, 8, 1, '2023-2024', 'Có thể làm tốt hơn'),
(44, 'HS0006', 'GV0004', 4, 7.5, 7, 7.5, 7.5, 8, 1, '2023-2024', 'Cần cố gắng hơn'),
(45, 'HS0006', 'GV0001', 1, 8, 7.5, 7.5, 8, 8.5, 2, '2023-2024', 'Cải thiện tốt'),
(46, 'HS0006', 'GV0002', 2, 7.5, 8, 7, 7.5, 8, 2, '2023-2024', 'Ổn định'),
(47, 'HS0006', 'GV0003', 3, 7, 7.5, 7.5, 8, 7.5, 2, '2023-2024', 'Cần cải thiện'),
(48, 'HS0006', 'GV0004', 4, 8, 7.5, 7, 7.5, 8.5, 2, '2023-2024', 'Tiến bộ, duy trì'),
(49, 'HS0007', 'GV0001', 1, 7.5, 8, 7.5, 8, 8.5, 1, '2023-2024', 'Tích cực học'),
(50, 'HS0007', 'GV0002', 2, 7, 7.5, 7.5, 8, 8, 1, '2023-2024', 'Cần cải thiện'),
(51, 'HS0007', 'GV0003', 3, 7.5, 7.5, 7, 7.5, 8, 1, '2023-2024', 'Cần cố gắng'),
(52, 'HS0007', 'GV0004', 4, 7, 7.5, 7.5, 7.5, 8, 1, '2023-2024', 'Cần cải thiện'),
(53, 'HS0007', 'GV0001', 1, 8, 7.5, 7.5, 8, 8.5, 2, '2023-2024', 'Tiến bộ, duy trì'),
(54, 'HS0007', 'GV0002', 2, 7.5, 7, 7.5, 7.5, 8, 2, '2023-2024', 'Ổn định'),
(55, 'HS0007', 'GV0003', 3, 7.5, 7.5, 7, 7.5, 8, 2, '2023-2024', 'Có thể làm tốt hơn'),
(56, 'HS0007', 'GV0004', 4, 7, 7.5, 7.5, 8, 8, 2, '2023-2024', 'Cần cố gắng'),
(57, 'HS0008', 'GV0001', 1, 6, 6.5, 6.5, 7, 7, 1, '2023-2024', 'Cần cố gắng nhiều hơn'),
(58, 'HS0008', 'GV0002', 2, 5.5, 6, 6, 6.5, 6.5, 1, '2023-2024', 'Cần cải thiện'),
(59, 'HS0008', 'GV0003', 3, 6, 6.5, 6, 6.5, 6.5, 1, '2023-2024', 'Cần tập trung'),
(60, 'HS0008', 'GV0004', 4, 6.5, 6, 6, 6.5, 7, 1, '2023-2024', 'Tiến bộ, cố gắng hơn'),
(61, 'HS0008', 'GV0001', 1, 6.5, 7, 6.5, 7, 7, 2, '2023-2024', 'Tiến bộ trong học tập'),
(62, 'HS0008', 'GV0002', 2, 6, 6.5, 6, 6.5, 6.5, 2, '2023-2024', 'Ổn định'),
(63, 'HS0008', 'GV0003', 3, 6, 6.5, 6.5, 6, 7, 2, '2023-2024', 'Cần cải thiện'),
(64, 'HS0008', 'GV0004', 4, 6.5, 6, 6, 6.5, 7, 2, '2023-2024', 'Có thể làm tốt hơn'),
(65, 'HS0009', 'GV0001', 1, 5.5, 6, 6, 6.5, 6.5, 1, '2023-2024', 'Cần cải thiện'),
(66, 'HS0009', 'GV0002', 2, 5.5, 6, 5.5, 6, 6, 1, '2023-2024', 'Cần cố gắng'),
(67, 'HS0009', 'GV0003', 3, 6, 5.5, 5.5, 6, 6, 1, '2023-2024', 'Cải thiện nếu tập trung'),
(68, 'HS0009', 'GV0004', 4, 5.5, 6, 5.5, 6, 6, 1, '2023-2024', 'Cần cải thiện'),
(69, 'HS0009', 'GV0001', 1, 6, 6.5, 6, 6.5, 6.5, 2, '2023-2024', 'Tiến bộ, cải thiện thêm'),
(70, 'HS0009', 'GV0002', 2, 6, 5.5, 6, 6.5, 6, 2, '2023-2024', 'Học tập chưa ổn định'),
(71, 'HS0009', 'GV0003', 3, 6, 5.5, 6.5, 6, 6.5, 2, '2023-2024', 'Cần cải thiện sự tập trung'),
(72, 'HS0009', 'GV0004', 4, 5.5, 6, 5.5, 6, 6, 2, '2023-2024', 'Cần cố gắng hơn'),
(73, 'HS0010', 'GV0001', 1, 4.5, 5, 4.5, 5, 5, 1, '2023-2024', 'Cần nỗ lực hơn'),
(74, 'HS0010', 'GV0002', 2, 4, 4.5, 4.5, 5, 5, 1, '2023-2024', 'Cần tập trung'),
(75, 'HS0010', 'GV0003', 3, 4.5, 5, 5, 4.5, 5, 1, '2023-2024', 'Cần cải thiện tập trung'),
(76, 'HS0010', 'GV0004', 4, 4.5, 5, 4, 4.5, 5, 1, '2023-2024', 'Cần cố gắng'),
(77, 'HS0010', 'GV0001', 1, 4.5, 5, 4.5, 5, 5, 2, '2023-2024', 'Tiến bộ nhưng cần nỗ lực hơn'),
(78, 'HS0010', 'GV0002', 2, 5, 4.5, 4.5, 5, 5, 2, '2023-2024', 'Cần cải thiện'),
(79, 'HS0010', 'GV0003', 3, 4.5, 5, 5, 4.5, 5, 2, '2023-2024', 'Cần kiên trì hơn'),
(80, 'HS0010', 'GV0004', 4, 5, 4.5, 5, 4.5, 5, 2, '2023-2024', 'Cần tập trung hơn'),
(81, 'HS0011', 'GV0005', 1, 9, 9.5, 8.5, 9, 9.5, 1, '2023-2024', 'Tiến bộ tốt, duy trì nỗ lực'),
(82, 'HS0011', 'GV0006', 2, 8.5, 9, 9, 8.5, 9, 1, '2023-2024', 'Tiến bộ, cần tập trung hơn'),
(83, 'HS0011', 'GV0007', 3, 9, 9.5, 9, 9, 9.5, 1, '2023-2024', 'Nổi bật trong môn học'),
(84, 'HS0011', 'GV0008', 4, 8.5, 9, 9, 8.5, 9.5, 1, '2023-2024', 'Cần cải thiện sự tập trung'),
(85, 'HS0011', 'GV0005', 1, 9, 9, 9, 9, 9.5, 2, '2023-2024', 'Giữ vững phong độ tốt'),
(86, 'HS0011', 'GV0006', 2, 9.5, 9, 9, 9, 9.5, 2, '2023-2024', 'Tiến bộ rõ rệt'),
(87, 'HS0011', 'GV0007', 3, 9, 9.5, 9, 9, 9.5, 2, '2023-2024', 'Cần duy trì nỗ lực'),
(88, 'HS0011', 'GV0008', 4, 9, 9, 9, 9, 9.5, 2, '2023-2024', 'Cải thiện kết quả học tập'),
(89, 'HS0012', 'GV0005', 1, 8.5, 9, 9, 8.5, 9, 1, '2023-2024', 'Tiến bộ ổn định, cần duy trì'),
(90, 'HS0012', 'GV0006', 2, 9, 9, 9, 9, 9.5, 1, '2023-2024', 'Cải thiện rõ rệt'),
(91, 'HS0012', 'GV0007', 3, 9.5, 9, 9, 9, 9.5, 1, '2023-2024', 'Nổi bật trong môn học'),
(92, 'HS0012', 'GV0008', 4, 9, 9, 9.5, 9, 9.5, 1, '2023-2024', 'Cần tập trung hơn'),
(93, 'HS0012', 'GV0005', 1, 8.5, 9.5, 9, 9, 9.5, 2, '2023-2024', 'Tiến bộ, duy trì nỗ lực'),
(94, 'HS0012', 'GV0006', 2, 9, 9.5, 9, 9, 9.5, 2, '2023-2024', 'Học ổn định, cần cải thiện'),
(95, 'HS0012', 'GV0007', 3, 9.5, 9, 9, 9, 9.5, 2, '2023-2024', 'Tiềm năng, cần tập trung'),
(96, 'HS0012', 'GV0008', 4, 9, 9, 9.5, 9, 9.5, 2, '2023-2024', 'Tăng cường học tập'),
(97, 'HS0013', 'GV0005', 1, 8, 8.5, 8, 8.5, 9, 1, '2023-2024', 'Tiến bộ, cần cải thiện'),
(98, 'HS0013', 'GV0006', 2, 8.5, 8, 8.5, 8.5, 9, 1, '2023-2024', 'Cải thiện, duy trì tập trung'),
(99, 'HS0013', 'GV0007', 3, 8, 8.5, 8, 8, 8.5, 1, '2023-2024', 'Cần chăm chỉ hơn'),
(100, 'HS0013', 'GV0008', 4, 8.5, 8, 8.5, 8, 9, 1, '2023-2024', 'Cải thiện tổ chức thời gian'),
(101, 'HS0013', 'GV0005', 1, 8, 8.5, 8.5, 8, 9, 2, '2023-2024', 'Cần tập trung hơn'),
(102, 'HS0013', 'GV0006', 2, 8.5, 8.5, 8, 8.5, 8.5, 2, '2023-2024', 'Cần chăm chỉ hơn'),
(103, 'HS0013', 'GV0007', 3, 8, 8.5, 8.5, 8.5, 8.5, 2, '2023-2024', 'Ổn định, cần duy trì'),
(104, 'HS0013', 'GV0008', 4, 8.5, 8, 8.5, 8.5, 9, 2, '2023-2024', 'Cải thiện kỹ năng học tập'),
(105, 'HS0014', 'GV0005', 1, 8, 8.5, 8.5, 8, 8.5, 1, '2023-2024', 'Cần cải thiện tự học'),
(106, 'HS0014', 'GV0006', 2, 8.5, 8, 8.5, 8.5, 8.5, 1, '2023-2024', 'Tiến bộ, cần nỗ lực hơn'),
(107, 'HS0014', 'GV0007', 3, 8, 8.5, 8, 8, 8.5, 1, '2023-2024', 'Cần tập trung hơn'),
(108, 'HS0014', 'GV0008', 4, 8.5, 8, 8.5, 8.5, 8.5, 1, '2023-2024', 'Cải thiện kỹ năng làm bài thi'),
(109, 'HS0014', 'GV0005', 1, 8, 8.5, 8.5, 8, 8.5, 2, '2023-2024', 'Cần cố gắng hơn'),
(110, 'HS0014', 'GV0006', 2, 8.5, 8.5, 8, 8.5, 8.5, 2, '2023-2024', 'Duy trì tập trung'),
(111, 'HS0014', 'GV0007', 3, 8, 8.5, 8.5, 8, 8.5, 2, '2023-2024', 'Cần chủ động hơn'),
(112, 'HS0014', 'GV0008', 4, 8.5, 8, 8.5, 8.5, 8.5, 2, '2023-2024', 'Cải thiện tự học và quản lý thời gian'),
(113, 'HS0015', 'GV0005', 1, 7.5, 8, 7.5, 8, 8, 1, '2023-2024', 'Cần nỗ lực cải thiện'),
(114, 'HS0015', 'GV0006', 2, 7.5, 7.5, 8, 7.5, 8.5, 1, '2023-2024', 'Tiến bộ, cần duy trì'),
(115, 'HS0015', 'GV0007', 3, 8, 7.5, 8, 8, 8, 1, '2023-2024', 'Cần cải thiện kỹ năng làm bài'),
(116, 'HS0015', 'GV0008', 4, 7.5, 8, 7.5, 8, 8, 1, '2023-2024', 'Cần chăm chỉ hơn'),
(117, 'HS0015', 'GV0005', 1, 7.5, 8, 8, 7.5, 8.5, 2, '2023-2024', 'Cần tập trung hơn'),
(118, 'HS0015', 'GV0006', 2, 7.5, 8, 8, 7.5, 8, 2, '2023-2024', 'Cần duy trì cố gắng'),
(119, 'HS0015', 'GV0007', 3, 8, 7.5, 7.5, 8, 8, 2, '2023-2024', 'Cải thiện làm bài kiểm tra'),
(120, 'HS0015', 'GV0008', 4, 7.5, 8, 8, 7.5, 8.5, 2, '2023-2024', 'Cần chủ động hơn'),
(121, 'HS0016', 'GV0005', 1, 7, 7.5, 7.5, 7.5, 8, 1, '2023-2024', 'Cần cố gắng cải thiện'),
(122, 'HS0016', 'GV0006', 2, 7.5, 7, 7.5, 7, 8, 1, '2023-2024', 'Cần tập trung hơn'),
(123, 'HS0016', 'GV0007', 3, 7.5, 7.5, 7, 7.5, 7.5, 1, '2023-2024', 'Cần cải thiện giải bài tập'),
(124, 'HS0016', 'GV0008', 4, 7, 7.5, 7.5, 7.5, 7.5, 1, '2023-2024', 'Cần cải thiện bài kiểm tra'),
(125, 'HS0016', 'GV0005', 1, 7.5, 7.5, 7, 7.5, 8, 2, '2023-2024', 'Cần tập trung hơn'),
(126, 'HS0016', 'GV0006', 2, 7, 7.5, 7.5, 7, 8, 2, '2023-2024', 'Cải thiện tự học'),
(127, 'HS0016', 'GV0007', 3, 7.5, 7.5, 7, 7.5, 8, 2, '2023-2024', 'Cần làm bài kiểm tra tốt hơn'),
(128, 'HS0016', 'GV0008', 4, 7.5, 7, 7.5, 7.5, 8, 2, '2023-2024', 'Cần nỗ lực cải thiện'),
(129, 'HS0017', 'GV0005', 1, 7.5, 8, 7.5, 7.5, 8, 1, '2023-2024', 'Cần chăm chỉ hơn'),
(130, 'HS0017', 'GV0006', 2, 7.5, 7.5, 7, 7.5, 8, 1, '2023-2024', 'Tiến bộ, cần tập trung hơn'),
(131, 'HS0017', 'GV0007', 3, 7.5, 7.5, 7.5, 7.5, 8, 1, '2023-2024', 'Cải thiện kỹ năng giải bài tập'),
(132, 'HS0017', 'GV0008', 4, 7.5, 7.5, 7.5, 7.5, 8, 1, '2023-2024', 'Cải thiện tự học và kết quả thi'),
(133, 'HS0017', 'GV0005', 1, 7.5, 7.5, 7, 7.5, 8, 2, '2023-2024', 'Nỗ lực hơn'),
(134, 'HS0017', 'GV0006', 2, 7.5, 7.5, 7, 7.5, 8, 2, '2023-2024', 'Duy trì cố gắng'),
(135, 'HS0017', 'GV0007', 3, 7.5, 7.5, 7.5, 7, 8, 2, '2023-2024', 'Cần cải thiện tổ chức thời gian'),
(136, 'HS0017', 'GV0008', 4, 7.5, 7.5, 7.5, 7.5, 8, 2, '2023-2024', 'Cải thiện phương pháp học'),
(137, 'HS0018', 'GV0005', 1, 7, 7.5, 7, 7.5, 8, 1, '2023-2024', 'Cần nỗ lực cải thiện'),
(138, 'HS0018', 'GV0006', 2, 7.5, 7.5, 7, 7.5, 8, 1, '2023-2024', 'Tập trung cải thiện kỹ năng'),
(139, 'HS0018', 'GV0007', 3, 7.5, 7, 7.5, 7.5, 8, 1, '2023-2024', 'Cải thiện kỹ năng bài tập'),
(140, 'HS0018', 'GV0008', 4, 7, 7.5, 7.5, 7, 8, 1, '2023-2024', 'Cần chủ động hơn trong học tập'),
(141, 'HS0018', 'GV0005', 1, 7, 7.5, 7.5, 7.5, 8, 2, '2023-2024', 'Cải thiện kết quả học tập'),
(142, 'HS0018', 'GV0006', 2, 7.5, 7, 7.5, 7.5, 8, 2, '2023-2024', 'Tiến bộ trong học tập'),
(143, 'HS0018', 'GV0007', 3, 7.5, 7, 7, 7.5, 8, 2, '2023-2024', 'Cần nỗ lực hơn'),
(144, 'HS0018', 'GV0008', 4, 7.5, 7, 7.5, 7, 8, 2, '2023-2024', 'Cần tập trung hơn trong học tập'),
(153, 'HS0019', 'GV0005', 1, 6, 5.5, 5.5, 6, 6.5, 1, '2023-2024', 'Cần tập trung hơn'),
(154, 'HS0019', 'GV0006', 2, 5.5, 6, 5, 5.5, 6, 1, '2023-2024', 'Cần cải thiện ôn tập'),
(155, 'HS0019', 'GV0007', 3, 5, 5.5, 5, 5, 5.5, 1, '2023-2024', 'Cần nỗ lực hơn'),
(156, 'HS0019', 'GV0008', 4, 5.5, 5, 5.5, 5, 5.5, 1, '2023-2024', 'Cần tập trung ôn bài'),
(157, 'HS0019', 'GV0005', 1, 6, 5.5, 6, 5.5, 6, 2, '2023-2024', 'Có thể tiến bộ nếu duy trì nỗ lực'),
(158, 'HS0019', 'GV0006', 2, 5.5, 5.5, 5, 5.5, 6, 2, '2023-2024', 'Cần tập trung học hơn'),
(159, 'HS0019', 'GV0007', 3, 5.5, 6, 5, 5.5, 5.5, 2, '2023-2024', 'Cần cải thiện bài kiểm tra'),
(160, 'HS0019', 'GV0008', 4, 5.5, 5, 5.5, 5, 6, 2, '2023-2024', 'Cần ôn bài tốt hơn'),
(161, 'HS0020', 'GV0005', 1, 4.5, 5, 5, 5, 5.5, 1, '2023-2024', 'Cần cải thiện nhiều hơn'),
(162, 'HS0020', 'GV0006', 2, 5, 4.5, 5.5, 5, 5.5, 1, '2023-2024', 'Nỗ lực hơn trong học tập'),
(163, 'HS0020', 'GV0007', 3, 4.5, 5, 4.5, 5, 5, 1, '2023-2024', 'Cần tập trung hơn'),
(164, 'HS0020', 'GV0008', 4, 5, 5.5, 5, 5.5, 5, 1, '2023-2024', 'Cần ôn bài và cải thiện kết quả'),
(165, 'HS0020', 'GV0005', 1, 5, 4.5, 5, 4.5, 5.5, 2, '2023-2024', 'Cần duy trì nỗ lực và cải thiện'),
(166, 'HS0020', 'GV0006', 2, 5.5, 5, 5, 5.5, 5, 2, '2023-2024', 'Nỗ lực hơn trong học tập'),
(167, 'HS0020', 'GV0007', 3, 4.5, 5, 4.5, 5, 5, 2, '2023-2024', 'Cần chăm chỉ hơn'),
(168, 'HS0020', 'GV0008', 4, 5, 4.5, 5.5, 5, 5.5, 2, '2023-2024', 'Cần nỗ lực để cải thiện kết quả'),
(169, 'HS0021', 'GV0009', 1, 9, 9.5, 8.5, 9, 9.5, 1, '2023-2024', 'Tiến bộ tốt, duy trì nỗ lực'),
(170, 'HS0021', 'GV0010', 2, 8.5, 9, 9, 8.5, 9, 1, '2023-2024', 'Tiến bộ, cần tập trung hơn'),
(171, 'HS0021', 'GV0011', 3, 9, 9.5, 9, 9, 9.5, 1, '2023-2024', 'Nổi bật trong môn học'),
(172, 'HS0021', 'GV0012', 4, 8.5, 9, 9, 8.5, 9.5, 1, '2023-2024', 'Cần cải thiện sự tập trung'),
(173, 'HS0021', 'GV0009', 1, 9, 9, 9, 9, 9.5, 2, '2023-2024', 'Giữ vững phong độ tốt'),
(174, 'HS0021', 'GV0010', 2, 9.5, 9, 9, 9, 9.5, 2, '2023-2024', 'Tiến bộ rõ rệt'),
(175, 'HS0021', 'GV0011', 3, 9, 9.5, 9, 9, 9.5, 2, '2023-2024', 'Cần duy trì nỗ lực'),
(176, 'HS0021', 'GV0012', 4, 9, 9, 9, 9, 9.5, 2, '2023-2024', 'Cải thiện kết quả học tập'),
(177, 'HS0022', 'GV0009', 1, 8.5, 9, 9, 8.5, 9, 1, '2023-2024', 'Tiến bộ ổn định, cần duy trì'),
(178, 'HS0022', 'GV0010', 2, 9, 9, 9, 9, 9.5, 1, '2023-2024', 'Cải thiện rõ rệt'),
(179, 'HS0022', 'GV0011', 3, 9.5, 9, 9, 9, 9.5, 1, '2023-2024', 'Nổi bật trong môn học'),
(180, 'HS0022', 'GV0012', 4, 9, 9, 9.5, 9, 9.5, 1, '2023-2024', 'Cần tập trung hơn'),
(181, 'HS0022', 'GV0009', 1, 8.5, 9.5, 9, 9, 9.5, 2, '2023-2024', 'Tiến bộ, duy trì nỗ lực'),
(182, 'HS0022', 'GV0010', 2, 9, 9.5, 9, 9, 9.5, 2, '2023-2024', 'Học ổn định, cần cải thiện'),
(183, 'HS0022', 'GV0011', 3, 9.5, 9, 9, 9, 9.5, 2, '2023-2024', 'Tiềm năng, cần tập trung'),
(184, 'HS0022', 'GV0012', 4, 9, 9, 9.5, 9, 9.5, 2, '2023-2024', 'Tăng cường học tập'),
(185, 'HS0023', 'GV0009', 1, 8, 8.5, 8, 8.5, 9, 1, '2023-2024', 'Tiến bộ, cần cải thiện'),
(186, 'HS0023', 'GV0010', 2, 8.5, 8, 8.5, 8.5, 9, 1, '2023-2024', 'Cải thiện, duy trì tập trung'),
(187, 'HS0023', 'GV0011', 3, 8, 8.5, 8, 8, 8.5, 1, '2023-2024', 'Cần chăm chỉ hơn'),
(188, 'HS0023', 'GV0012', 4, 8.5, 8, 8.5, 8, 9, 1, '2023-2024', 'Cải thiện tổ chức thời gian'),
(189, 'HS0023', 'GV0009', 1, 8, 8.5, 8.5, 8, 9, 2, '2023-2024', 'Cần tập trung hơn'),
(190, 'HS0023', 'GV0010', 2, 8.5, 8.5, 8, 8.5, 8.5, 2, '2023-2024', 'Cần chăm chỉ hơn'),
(191, 'HS0023', 'GV0011', 3, 8, 8.5, 8.5, 8.5, 8.5, 2, '2023-2024', 'Ổn định, cần duy trì'),
(192, 'HS0023', 'GV0012', 4, 8.5, 8, 8.5, 8.5, 9, 2, '2023-2024', 'Cải thiện kỹ năng học tập'),
(193, 'HS0024', 'GV0009', 1, 8, 8.5, 8.5, 8, 8.5, 1, '2023-2024', 'Cần cải thiện tự học'),
(194, 'HS0024', 'GV0010', 2, 8.5, 8, 8.5, 8.5, 8.5, 1, '2023-2024', 'Tiến bộ, cần nỗ lực hơn'),
(195, 'HS0024', 'GV0011', 3, 8, 8.5, 8, 8, 8.5, 1, '2023-2024', 'Cần tập trung hơn'),
(196, 'HS0024', 'GV0012', 4, 8.5, 8, 8.5, 8.5, 8.5, 1, '2023-2024', 'Cải thiện kỹ năng làm bài thi'),
(197, 'HS0024', 'GV0009', 1, 8, 8.5, 8.5, 8, 8.5, 2, '2023-2024', 'Cần cố gắng hơn'),
(198, 'HS0024', 'GV0010', 2, 8.5, 8.5, 8, 8.5, 8.5, 2, '2023-2024', 'Duy trì tập trung'),
(199, 'HS0024', 'GV0011', 3, 8, 8.5, 8.5, 8, 8.5, 2, '2023-2024', 'Cần chủ động hơn'),
(200, 'HS0024', 'GV0012', 4, 8.5, 8, 8.5, 8.5, 8.5, 2, '2023-2024', 'Cải thiện tự học và quản lý thời gian'),
(201, 'HS0025', 'GV0009', 1, 7.5, 8, 7.5, 8, 8, 1, '2023-2024', 'Cần nỗ lực cải thiện'),
(202, 'HS0025', 'GV0010', 2, 7.5, 7.5, 8, 7.5, 8.5, 1, '2023-2024', 'Tiến bộ, cần duy trì'),
(203, 'HS0025', 'GV0011', 3, 8, 7.5, 8, 8, 8, 1, '2023-2024', 'Cần cải thiện kỹ năng làm bài'),
(204, 'HS0025', 'GV0012', 4, 7.5, 8, 7.5, 8, 8, 1, '2023-2024', 'Cần chăm chỉ hơn'),
(205, 'HS0025', 'GV0009', 1, 7.5, 8, 8, 7.5, 8.5, 2, '2023-2024', 'Cần tập trung hơn'),
(206, 'HS0025', 'GV0010', 2, 7.5, 8, 8, 7.5, 8, 2, '2023-2024', 'Cần duy trì cố gắng'),
(207, 'HS0025', 'GV0011', 3, 8, 7.5, 7.5, 8, 8, 2, '2023-2024', 'Cải thiện làm bài kiểm tra'),
(208, 'HS0025', 'GV0012', 4, 7.5, 8, 8, 7.5, 8.5, 2, '2023-2024', 'Cần chủ động hơn'),
(209, 'HS0026', 'GV0009', 1, 7, 7.5, 7.5, 7.5, 8, 1, '2023-2024', 'Cần cố gắng cải thiện'),
(210, 'HS0026', 'GV0010', 2, 7.5, 7, 7.5, 7, 8, 1, '2023-2024', 'Cần tập trung hơn'),
(211, 'HS0026', 'GV0011', 3, 7.5, 7.5, 7, 7.5, 7.5, 1, '2023-2024', 'Cần cải thiện giải bài tập'),
(212, 'HS0026', 'GV0012', 4, 7, 7.5, 7.5, 7.5, 7.5, 1, '2023-2024', 'Cần cải thiện bài kiểm tra'),
(213, 'HS0026', 'GV0009', 1, 7.5, 7.5, 7, 7.5, 8, 2, '2023-2024', 'Cần tập trung hơn'),
(214, 'HS0026', 'GV0010', 2, 7, 7.5, 7.5, 7, 8, 2, '2023-2024', 'Cải thiện tự học'),
(215, 'HS0026', 'GV0011', 3, 7.5, 7.5, 7, 7.5, 8, 2, '2023-2024', 'Cần làm bài kiểm tra tốt hơn'),
(216, 'HS0026', 'GV0012', 4, 7.5, 7, 7.5, 7.5, 8, 2, '2023-2024', 'Cần nỗ lực cải thiện'),
(217, 'HS0027', 'GV0009', 1, 7.5, 8, 7.5, 7.5, 8, 1, '2023-2024', 'Cần chăm chỉ hơn'),
(218, 'HS0027', 'GV0010', 2, 7.5, 7.5, 7, 7.5, 8, 1, '2023-2024', 'Tiến bộ, cần tập trung hơn'),
(219, 'HS0027', 'GV0011', 3, 7.5, 7.5, 7.5, 7.5, 8, 1, '2023-2024', 'Cải thiện kỹ năng giải bài tập'),
(220, 'HS0027', 'GV0012', 4, 7.5, 7.5, 7.5, 7.5, 8, 1, '2023-2024', 'Cải thiện tự học và kết quả thi'),
(221, 'HS0027', 'GV0009', 1, 7.5, 7.5, 7, 7.5, 8, 2, '2023-2024', 'Nỗ lực hơn'),
(222, 'HS0027', 'GV0010', 2, 7.5, 7.5, 7, 7.5, 8, 2, '2023-2024', 'Duy trì cố gắng'),
(223, 'HS0027', 'GV0011', 3, 7.5, 7.5, 7.5, 7, 8, 2, '2023-2024', 'Cần cải thiện tổ chức thời gian'),
(224, 'HS0027', 'GV0012', 4, 7.5, 7.5, 7.5, 7.5, 8, 2, '2023-2024', 'Cải thiện phương pháp học'),
(225, 'HS0028', 'GV0009', 1, 7, 7.5, 7, 7.5, 8, 1, '2023-2024', 'Cần nỗ lực cải thiện'),
(226, 'HS0028', 'GV0010', 2, 7.5, 7.5, 7, 7.5, 8, 1, '2023-2024', 'Tập trung cải thiện kỹ năng'),
(227, 'HS0028', 'GV0011', 3, 7.5, 7, 7.5, 7.5, 8, 1, '2023-2024', 'Cải thiện kỹ năng bài tập'),
(228, 'HS0028', 'GV0012', 4, 7, 7.5, 7.5, 7, 8, 1, '2023-2024', 'Cần chủ động hơn trong học tập'),
(229, 'HS0028', 'GV0009', 1, 7, 7.5, 7.5, 7.5, 8, 2, '2023-2024', 'Cải thiện kết quả học tập'),
(230, 'HS0028', 'GV0010', 2, 7.5, 7, 7.5, 7.5, 8, 2, '2023-2024', 'Tiến bộ trong học tập'),
(231, 'HS0028', 'GV0011', 3, 7.5, 7, 7, 7.5, 8, 2, '2023-2024', 'Cần nỗ lực hơn'),
(232, 'HS0028', 'GV0012', 4, 7.5, 7, 7.5, 7, 8, 2, '2023-2024', 'Cần tập trung hơn trong học tập'),
(233, 'HS0029', 'GV0009', 1, 6, 5.5, 5.5, 6, 6.5, 1, '2023-2024', 'Cần tập trung hơn'),
(234, 'HS0029', 'GV0010', 2, 5.5, 6, 5, 5.5, 6, 1, '2023-2024', 'Cần cải thiện ôn tập'),
(235, 'HS0029', 'GV0011', 3, 5, 5.5, 5, 5, 5.5, 1, '2023-2024', 'Cần nỗ lực hơn'),
(236, 'HS0029', 'GV0012', 4, 5.5, 5, 5.5, 5, 5.5, 1, '2023-2024', 'Cần tập trung ôn bài'),
(237, 'HS0029', 'GV0009', 1, 6, 5.5, 6, 5.5, 6, 2, '2023-2024', 'Có thể tiến bộ nếu duy trì nỗ lực'),
(238, 'HS0029', 'GV0010', 2, 5.5, 5.5, 5, 5.5, 6, 2, '2023-2024', 'Cần tập trung học hơn'),
(239, 'HS0029', 'GV0011', 3, 5.5, 6, 5, 5.5, 5.5, 2, '2023-2024', 'Cần cải thiện bài kiểm tra'),
(240, 'HS0029', 'GV0012', 4, 5.5, 5, 5.5, 5, 6, 2, '2023-2024', 'Cần ôn bài tốt hơn'),
(241, 'HS0030', 'GV0009', 1, 4.5, 5, 5, 5, 5.5, 1, '2023-2024', 'Cần cải thiện nhiều hơn'),
(242, 'HS0030', 'GV0010', 2, 5, 4.5, 5.5, 5, 5.5, 1, '2023-2024', 'Nỗ lực hơn trong học tập'),
(243, 'HS0030', 'GV0011', 3, 4.5, 5, 4.5, 5, 5, 1, '2023-2024', 'Cần tập trung hơn'),
(244, 'HS0030', 'GV0012', 4, 5, 5.5, 5, 5.5, 5, 1, '2023-2024', 'Cần ôn bài và cải thiện kết quả'),
(245, 'HS0030', 'GV0009', 1, 5, 4.5, 5, 4.5, 5.5, 2, '2023-2024', 'Cần duy trì nỗ lực và cải thiện'),
(246, 'HS0030', 'GV0010', 2, 5.5, 5, 5, 5.5, 5, 2, '2023-2024', 'Nỗ lực hơn trong học tập'),
(247, 'HS0030', 'GV0011', 3, 4.5, 5, 4.5, 5, 5, 2, '2023-2024', 'Cần chăm chỉ hơn'),
(248, 'HS0030', 'GV0012', 4, 5, 4.5, 5.5, 5, 5.5, 2, '2023-2024', 'Cần nỗ lực để cải thiện kết quả'),
(249, 'HS0031', 'GV0001', 1, 9, 9.5, 8.5, 9, 9.5, 1, '2023-2024', 'Tiến bộ tốt, duy trì nỗ lực'),
(250, 'HS0031', 'GV0002', 2, 8.5, 9, 9, 8.5, 9, 1, '2023-2024', 'Tiến bộ, cần tập trung hơn'),
(251, 'HS0031', 'GV0003', 3, 9, 9.5, 9, 9, 9.5, 1, '2023-2024', 'Nổi bật trong môn học'),
(252, 'HS0031', 'GV0004', 4, 8.5, 9, 9, 8.5, 9.5, 1, '2023-2024', 'Cần cải thiện sự tập trung'),
(253, 'HS0031', 'GV0001', 1, 9, 9, 9, 9, 9.5, 2, '2023-2024', 'Giữ vững phong độ tốt'),
(254, 'HS0031', 'GV0002', 2, 9.5, 9, 9, 9, 9.5, 2, '2023-2024', 'Tiến bộ rõ rệt'),
(255, 'HS0031', 'GV0003', 3, 9, 9.5, 9, 9, 9.5, 2, '2023-2024', 'Cần duy trì nỗ lực'),
(256, 'HS0031', 'GV0004', 4, 9, 9, 9, 9, 9.5, 2, '2023-2024', 'Cải thiện kết quả học tập'),
(257, 'HS0032', 'GV0001', 1, 8.5, 9, 9, 8.5, 9, 1, '2023-2024', 'Tiến bộ ổn định, cần duy trì'),
(258, 'HS0032', 'GV0002', 2, 9, 9, 9, 9, 9.5, 1, '2023-2024', 'Cải thiện rõ rệt'),
(259, 'HS0032', 'GV0003', 3, 9.5, 9, 9, 9, 9.5, 1, '2023-2024', 'Nổi bật trong môn học'),
(260, 'HS0032', 'GV0004', 4, 9, 9, 9.5, 9, 9.5, 1, '2023-2024', 'Cần tập trung hơn'),
(261, 'HS0032', 'GV0001', 1, 8.5, 9.5, 9, 9, 9.5, 2, '2023-2024', 'Tiến bộ, duy trì nỗ lực'),
(262, 'HS0032', 'GV0002', 2, 9, 9.5, 9, 9, 9.5, 2, '2023-2024', 'Học ổn định, cần cải thiện'),
(263, 'HS0032', 'GV0003', 3, 9.5, 9, 9, 9, 9.5, 2, '2023-2024', 'Tiềm năng, cần tập trung'),
(264, 'HS0032', 'GV0004', 4, 9, 9, 9.5, 9, 9.5, 2, '2023-2024', 'Tăng cường học tập'),
(265, 'HS0033', 'GV0001', 1, 8, 8.5, 8, 8.5, 9, 1, '2023-2024', 'Tiến bộ, cần cải thiện'),
(266, 'HS0033', 'GV0002', 2, 8.5, 8, 8.5, 8.5, 9, 1, '2023-2024', 'Cải thiện, duy trì tập trung'),
(267, 'HS0033', 'GV0003', 3, 8, 8.5, 8, 8, 8.5, 1, '2023-2024', 'Cần chăm chỉ hơn'),
(268, 'HS0033', 'GV0004', 4, 8.5, 8, 8.5, 8, 9, 1, '2023-2024', 'Cải thiện tổ chức thời gian'),
(269, 'HS0033', 'GV0001', 1, 8, 8.5, 8.5, 8, 9, 2, '2023-2024', 'Cần tập trung hơn'),
(270, 'HS0033', 'GV0002', 2, 8.5, 8.5, 8, 8.5, 8.5, 2, '2023-2024', 'Cần chăm chỉ hơn'),
(271, 'HS0033', 'GV0003', 3, 8, 8.5, 8.5, 8.5, 8.5, 2, '2023-2024', 'Ổn định, cần duy trì'),
(272, 'HS0033', 'GV0004', 4, 8.5, 8, 8.5, 8.5, 9, 2, '2023-2024', 'Cải thiện kỹ năng học tập'),
(273, 'HS0034', 'GV0001', 1, 8, 8.5, 8.5, 8, 8.5, 1, '2023-2024', 'Cần cải thiện tự học'),
(274, 'HS0034', 'GV0002', 2, 8.5, 8, 8.5, 8.5, 8.5, 1, '2023-2024', 'Tiến bộ, cần nỗ lực hơn'),
(275, 'HS0034', 'GV0003', 3, 8, 8.5, 8, 8, 8.5, 1, '2023-2024', 'Cần tập trung hơn'),
(276, 'HS0034', 'GV0004', 4, 8.5, 8, 8.5, 8.5, 8.5, 1, '2023-2024', 'Cải thiện kỹ năng làm bài thi'),
(277, 'HS0034', 'GV0001', 1, 8, 8.5, 8.5, 8, 8.5, 2, '2023-2024', 'Cần cố gắng hơn'),
(278, 'HS0034', 'GV0002', 2, 8.5, 8.5, 8, 8.5, 8.5, 2, '2023-2024', 'Duy trì tập trung'),
(279, 'HS0034', 'GV0003', 3, 8, 8.5, 8.5, 8, 8.5, 2, '2023-2024', 'Cần chủ động hơn'),
(280, 'HS0034', 'GV0004', 4, 8.5, 8, 8.5, 8.5, 8.5, 2, '2023-2024', 'Cải thiện tự học và quản lý thời gian'),
(281, 'HS0035', 'GV0001', 1, 7.5, 8, 7.5, 8, 8, 1, '2023-2024', 'Cần nỗ lực cải thiện'),
(282, 'HS0035', 'GV0002', 2, 7.5, 7.5, 8, 7.5, 8.5, 1, '2023-2024', 'Tiến bộ, cần duy trì'),
(283, 'HS0035', 'GV0003', 3, 8, 7.5, 8, 8, 8, 1, '2023-2024', 'Cần cải thiện kỹ năng làm bài'),
(284, 'HS0035', 'GV0004', 4, 7.5, 8, 7.5, 8, 8, 1, '2023-2024', 'Cần chăm chỉ hơn'),
(285, 'HS0035', 'GV0001', 1, 7.5, 8, 8, 7.5, 8.5, 2, '2023-2024', 'Cần tập trung hơn'),
(286, 'HS0035', 'GV0002', 2, 7.5, 8, 8, 7.5, 8, 2, '2023-2024', 'Cần duy trì cố gắng'),
(287, 'HS0035', 'GV0003', 3, 8, 7.5, 7.5, 8, 8, 2, '2023-2024', 'Cải thiện làm bài kiểm tra'),
(288, 'HS0035', 'GV0004', 4, 7.5, 8, 8, 7.5, 8.5, 2, '2023-2024', 'Cần chủ động hơn'),
(289, 'HS0036', 'GV0001', 1, 7, 7.5, 7.5, 7.5, 8, 1, '2023-2024', 'Cần cố gắng cải thiện'),
(290, 'HS0036', 'GV0002', 2, 7.5, 7, 7.5, 7, 8, 1, '2023-2024', 'Cần tập trung hơn'),
(291, 'HS0036', 'GV0003', 3, 7.5, 7.5, 7, 7.5, 7.5, 1, '2023-2024', 'Cần cải thiện giải bài tập'),
(292, 'HS0036', 'GV0004', 4, 7, 7.5, 7.5, 7.5, 7.5, 1, '2023-2024', 'Cần cải thiện bài kiểm tra'),
(293, 'HS0036', 'GV0001', 1, 7.5, 7.5, 7, 7.5, 8, 2, '2023-2024', 'Cần tập trung hơn'),
(294, 'HS0036', 'GV0002', 2, 7, 7.5, 7.5, 7, 8, 2, '2023-2024', 'Cải thiện tự học'),
(295, 'HS0036', 'GV0003', 3, 7.5, 7.5, 7, 7.5, 8, 2, '2023-2024', 'Cần làm bài kiểm tra tốt hơn'),
(296, 'HS0036', 'GV0004', 4, 7.5, 7, 7.5, 7.5, 8, 2, '2023-2024', 'Cần nỗ lực cải thiện'),
(297, 'HS0037', 'GV0001', 1, 7.5, 8, 7.5, 7.5, 8, 1, '2023-2024', 'Cần chăm chỉ hơn'),
(298, 'HS0037', 'GV0002', 2, 7.5, 7.5, 7, 7.5, 8, 1, '2023-2024', 'Tiến bộ, cần tập trung hơn'),
(299, 'HS0037', 'GV0003', 3, 7.5, 7.5, 7.5, 7.5, 8, 1, '2023-2024', 'Cải thiện kỹ năng giải bài tập'),
(300, 'HS0037', 'GV0004', 4, 7.5, 7.5, 7.5, 7.5, 8, 1, '2023-2024', 'Cải thiện tự học và kết quả thi'),
(301, 'HS0037', 'GV0001', 1, 7.5, 7.5, 7, 7.5, 8, 2, '2023-2024', 'Nỗ lực hơn'),
(302, 'HS0037', 'GV0002', 2, 7.5, 7.5, 7, 7.5, 8, 2, '2023-2024', 'Duy trì cố gắng'),
(303, 'HS0037', 'GV0003', 3, 7.5, 7.5, 7.5, 7, 8, 2, '2023-2024', 'Cần cải thiện tổ chức thời gian'),
(304, 'HS0037', 'GV0004', 4, 7.5, 7.5, 7.5, 7.5, 8, 2, '2023-2024', 'Cải thiện phương pháp học'),
(305, 'HS0038', 'GV0001', 1, 7, 7.5, 7, 7.5, 8, 1, '2023-2024', 'Cần nỗ lực cải thiện'),
(306, 'HS0038', 'GV0002', 2, 7.5, 7.5, 7, 7.5, 8, 1, '2023-2024', 'Tập trung cải thiện kỹ năng'),
(307, 'HS0038', 'GV0003', 3, 7.5, 7, 7.5, 7.5, 8, 1, '2023-2024', 'Cải thiện kỹ năng bài tập'),
(308, 'HS0038', 'GV0004', 4, 7, 7.5, 7.5, 7, 8, 1, '2023-2024', 'Cần chủ động hơn trong học tập'),
(309, 'HS0038', 'GV0001', 1, 7, 7.5, 7.5, 7.5, 8, 2, '2023-2024', 'Cải thiện kết quả học tập'),
(310, 'HS0038', 'GV0002', 2, 7.5, 7, 7.5, 7.5, 8, 2, '2023-2024', 'Tiến bộ trong học tập'),
(311, 'HS0038', 'GV0003', 3, 7.5, 7, 7, 7.5, 8, 2, '2023-2024', 'Cần nỗ lực hơn'),
(312, 'HS0038', 'GV0004', 4, 7.5, 7, 7.5, 7, 8, 2, '2023-2024', 'Cần tập trung hơn trong học tập'),
(313, 'HS0039', 'GV0001', 1, 6, 5.5, 5.5, 6, 6.5, 1, '2023-2024', 'Cần tập trung hơn'),
(314, 'HS0039', 'GV0002', 2, 5.5, 6, 5, 5.5, 6, 1, '2023-2024', 'Cần cải thiện ôn tập'),
(315, 'HS0039', 'GV0003', 3, 5, 5.5, 5, 5, 5.5, 1, '2023-2024', 'Cần nỗ lực hơn'),
(316, 'HS0039', 'GV0004', 4, 5.5, 5, 5.5, 5, 5.5, 1, '2023-2024', 'Cần tập trung ôn bài'),
(317, 'HS0039', 'GV0001', 1, 6, 5.5, 6, 5.5, 6, 2, '2023-2024', 'Có thể tiến bộ nếu duy trì nỗ lực'),
(318, 'HS0039', 'GV0002', 2, 5.5, 5.5, 5, 5.5, 6, 2, '2023-2024', 'Cần tập trung học hơn'),
(319, 'HS0039', 'GV0003', 3, 5.5, 6, 5, 5.5, 5.5, 2, '2023-2024', 'Cần cải thiện bài kiểm tra'),
(320, 'HS0039', 'GV0004', 4, 5.5, 5, 5.5, 5, 6, 2, '2023-2024', 'Cần ôn bài tốt hơn'),
(321, 'HS0040', 'GV0001', 1, 4.5, 5, 5, 5, 5.5, 1, '2023-2024', 'Cần cải thiện nhiều hơn'),
(322, 'HS0040', 'GV0002', 2, 5, 4.5, 5.5, 5, 5.5, 1, '2023-2024', 'Nỗ lực hơn trong học tập'),
(323, 'HS0040', 'GV0003', 3, 4.5, 5, 4.5, 5, 5, 1, '2023-2024', 'Cần tập trung hơn'),
(324, 'HS0040', 'GV0004', 4, 5, 5.5, 5, 5.5, 5, 1, '2023-2024', 'Cần ôn bài và cải thiện kết quả'),
(325, 'HS0040', 'GV0001', 1, 5, 4.5, 5, 4.5, 5.5, 2, '2023-2024', 'Cần duy trì nỗ lực và cải thiện'),
(326, 'HS0040', 'GV0002', 2, 5.5, 5, 5, 5.5, 5, 2, '2023-2024', 'Nỗ lực hơn trong học tập'),
(327, 'HS0040', 'GV0003', 3, 4.5, 5, 4.5, 5, 5, 2, '2023-2024', 'Cần chăm chỉ hơn'),
(328, 'HS0040', 'GV0004', 4, 5, 4.5, 5.5, 5, 5.5, 2, '2023-2024', 'Cần nỗ lực để cải thiện kết quả'),
(329, 'HS0041', 'GV0005', 1, 9, 9.5, 8.5, 9, 9.5, 1, '2023-2024', 'Tiến bộ tốt, duy trì nỗ lực'),
(330, 'HS0041', 'GV0006', 2, 8.5, 9, 9, 8.5, 9, 1, '2023-2024', 'Tiến bộ, cần tập trung hơn'),
(331, 'HS0041', 'GV0007', 3, 9, 9.5, 9, 9, 9.5, 1, '2023-2024', 'Nổi bật trong môn học'),
(332, 'HS0041', 'GV0008', 4, 8.5, 9, 9, 8.5, 9.5, 1, '2023-2024', 'Cần cải thiện sự tập trung'),
(333, 'HS0041', 'GV0005', 1, 9, 9, 9, 9, 9.5, 2, '2023-2024', 'Giữ vững phong độ tốt'),
(334, 'HS0041', 'GV0006', 2, 9.5, 9, 9, 9, 9.5, 2, '2023-2024', 'Tiến bộ rõ rệt'),
(335, 'HS0041', 'GV0007', 3, 9, 9.5, 9, 9, 9.5, 2, '2023-2024', 'Cần duy trì nỗ lực'),
(336, 'HS0041', 'GV0008', 4, 9, 9, 9, 9, 9.5, 2, '2023-2024', 'Cải thiện kết quả học tập'),
(337, 'HS0042', 'GV0005', 1, 8.5, 9, 9, 8.5, 9, 1, '2023-2024', 'Tiến bộ ổn định, cần duy trì'),
(338, 'HS0042', 'GV0006', 2, 9, 9, 9, 9, 9.5, 1, '2023-2024', 'Cải thiện rõ rệt'),
(339, 'HS0042', 'GV0007', 3, 9.5, 9, 9, 9, 9.5, 1, '2023-2024', 'Nổi bật trong môn học'),
(340, 'HS0042', 'GV0008', 4, 9, 9, 9.5, 9, 9.5, 1, '2023-2024', 'Cần tập trung hơn'),
(341, 'HS0042', 'GV0005', 1, 8.5, 9.5, 9, 9, 9.5, 2, '2023-2024', 'Tiến bộ, duy trì nỗ lực'),
(342, 'HS0042', 'GV0006', 2, 9, 9.5, 9, 9, 9.5, 2, '2023-2024', 'Học ổn định, cần cải thiện'),
(343, 'HS0042', 'GV0007', 3, 9.5, 9, 9, 9, 9.5, 2, '2023-2024', 'Tiềm năng, cần tập trung'),
(344, 'HS0042', 'GV0008', 4, 9, 9, 9.5, 9, 9.5, 2, '2023-2024', 'Tăng cường học tập'),
(345, 'HS0043', 'GV0005', 1, 8, 8.5, 8, 8.5, 9, 1, '2023-2024', 'Tiến bộ, cần cải thiện'),
(346, 'HS0043', 'GV0006', 2, 8.5, 8, 8.5, 8.5, 9, 1, '2023-2024', 'Cải thiện, duy trì tập trung'),
(347, 'HS0043', 'GV0007', 3, 8, 8.5, 8, 8, 8.5, 1, '2023-2024', 'Cần chăm chỉ hơn'),
(348, 'HS0043', 'GV0008', 4, 8.5, 8, 8.5, 8, 9, 1, '2023-2024', 'Cải thiện tổ chức thời gian'),
(349, 'HS0043', 'GV0005', 1, 8, 8.5, 8.5, 8, 9, 2, '2023-2024', 'Cần tập trung hơn'),
(350, 'HS0043', 'GV0006', 2, 8.5, 8.5, 8, 8.5, 8.5, 2, '2023-2024', 'Cần chăm chỉ hơn'),
(351, 'HS0043', 'GV0007', 3, 8, 8.5, 8.5, 8.5, 8.5, 2, '2023-2024', 'Ổn định, cần duy trì'),
(352, 'HS0043', 'GV0008', 4, 8.5, 8, 8.5, 8.5, 9, 2, '2023-2024', 'Cải thiện kỹ năng học tập'),
(353, 'HS0044', 'GV0005', 1, 8, 8.5, 8.5, 8, 8.5, 1, '2023-2024', 'Cần cải thiện tự học'),
(354, 'HS0044', 'GV0006', 2, 8.5, 8, 8.5, 8.5, 8.5, 1, '2023-2024', 'Tiến bộ, cần nỗ lực hơn'),
(355, 'HS0044', 'GV0007', 3, 8, 8.5, 8, 8, 8.5, 1, '2023-2024', 'Cần tập trung hơn'),
(356, 'HS0044', 'GV0008', 4, 8.5, 8, 8.5, 8.5, 8.5, 1, '2023-2024', 'Cải thiện kỹ năng làm bài thi'),
(357, 'HS0044', 'GV0005', 1, 8, 8.5, 8.5, 8, 8.5, 2, '2023-2024', 'Cần cố gắng hơn'),
(358, 'HS0044', 'GV0006', 2, 8.5, 8.5, 8, 8.5, 8.5, 2, '2023-2024', 'Duy trì tập trung'),
(359, 'HS0044', 'GV0007', 3, 8, 8.5, 8.5, 8, 8.5, 2, '2023-2024', 'Cần chủ động hơn'),
(360, 'HS0044', 'GV0008', 4, 8.5, 8, 8.5, 8.5, 8.5, 2, '2023-2024', 'Cải thiện tự học và quản lý thời gian'),
(361, 'HS0045', 'GV0005', 1, 7.5, 8, 7.5, 8, 8, 1, '2023-2024', 'Cần nỗ lực cải thiện'),
(362, 'HS0045', 'GV0006', 2, 7.5, 7.5, 8, 7.5, 8.5, 1, '2023-2024', 'Tiến bộ, cần duy trì'),
(363, 'HS0045', 'GV0007', 3, 8, 7.5, 8, 8, 8, 1, '2023-2024', 'Cần cải thiện kỹ năng làm bài'),
(364, 'HS0045', 'GV0008', 4, 7.5, 8, 7.5, 8, 8, 1, '2023-2024', 'Cần chăm chỉ hơn'),
(365, 'HS0045', 'GV0005', 1, 7.5, 8, 8, 7.5, 8.5, 2, '2023-2024', 'Cần tập trung hơn'),
(366, 'HS0045', 'GV0006', 2, 7.5, 8, 8, 7.5, 8, 2, '2023-2024', 'Cần duy trì cố gắng'),
(367, 'HS0045', 'GV0007', 3, 8, 7.5, 7.5, 8, 8, 2, '2023-2024', 'Cải thiện làm bài kiểm tra'),
(368, 'HS0045', 'GV0008', 4, 7.5, 8, 8, 7.5, 8.5, 2, '2023-2024', 'Cần chủ động hơn'),
(369, 'HS0046', 'GV0005', 1, 7, 7.5, 7.5, 7.5, 8, 1, '2023-2024', 'Cần cố gắng cải thiện'),
(370, 'HS0046', 'GV0006', 2, 7.5, 7, 7.5, 7, 8, 1, '2023-2024', 'Cần tập trung hơn'),
(371, 'HS0046', 'GV0007', 3, 7.5, 7.5, 7, 7.5, 7.5, 1, '2023-2024', 'Cần cải thiện giải bài tập'),
(372, 'HS0046', 'GV0008', 4, 7, 7.5, 7.5, 7.5, 7.5, 1, '2023-2024', 'Cần cải thiện bài kiểm tra'),
(373, 'HS0046', 'GV0005', 1, 7.5, 7.5, 7, 7.5, 8, 2, '2023-2024', 'Cần tập trung hơn'),
(374, 'HS0046', 'GV0006', 2, 7, 7.5, 7.5, 7, 8, 2, '2023-2024', 'Cải thiện tự học'),
(375, 'HS0046', 'GV0007', 3, 7.5, 7.5, 7, 7.5, 8, 2, '2023-2024', 'Cần làm bài kiểm tra tốt hơn'),
(376, 'HS0046', 'GV0008', 4, 7.5, 7, 7.5, 7.5, 8, 2, '2023-2024', 'Cần nỗ lực cải thiện'),
(377, 'HS0047', 'GV0005', 1, 7.5, 8, 7.5, 7.5, 8, 1, '2023-2024', 'Cần chăm chỉ hơn'),
(378, 'HS0047', 'GV0006', 2, 7.5, 7.5, 7, 7.5, 8, 1, '2023-2024', 'Tiến bộ, cần tập trung hơn'),
(379, 'HS0047', 'GV0007', 3, 7.5, 7.5, 7.5, 7.5, 8, 1, '2023-2024', 'Cải thiện kỹ năng giải bài tập'),
(380, 'HS0047', 'GV0008', 4, 7.5, 7.5, 7.5, 7.5, 8, 1, '2023-2024', 'Cải thiện tự học và kết quả thi'),
(381, 'HS0047', 'GV0005', 1, 7.5, 7.5, 7, 7.5, 8, 2, '2023-2024', 'Nỗ lực hơn'),
(382, 'HS0047', 'GV0006', 2, 7.5, 7.5, 7, 7.5, 8, 2, '2023-2024', 'Duy trì cố gắng'),
(383, 'HS0047', 'GV0007', 3, 7.5, 7.5, 7.5, 7, 8, 2, '2023-2024', 'Cần cải thiện tổ chức thời gian'),
(384, 'HS0047', 'GV0008', 4, 7.5, 7.5, 7.5, 7.5, 8, 2, '2023-2024', 'Cải thiện phương pháp học'),
(385, 'HS0048', 'GV0005', 1, 7, 7.5, 7, 7.5, 8, 1, '2023-2024', 'Cần nỗ lực cải thiện'),
(386, 'HS0048', 'GV0006', 2, 7.5, 7.5, 7, 7.5, 8, 1, '2023-2024', 'Tập trung cải thiện kỹ năng'),
(387, 'HS0048', 'GV0007', 3, 7.5, 7, 7.5, 7.5, 8, 1, '2023-2024', 'Cải thiện kỹ năng bài tập'),
(388, 'HS0048', 'GV0008', 4, 7, 7.5, 7.5, 7, 8, 1, '2023-2024', 'Cần chủ động hơn trong học tập'),
(389, 'HS0048', 'GV0005', 1, 7, 7.5, 7.5, 7.5, 8, 2, '2023-2024', 'Cải thiện kết quả học tập'),
(390, 'HS0048', 'GV0006', 2, 7.5, 7, 7.5, 7.5, 8, 2, '2023-2024', 'Tiến bộ trong học tập'),
(391, 'HS0048', 'GV0007', 3, 7.5, 7, 7, 7.5, 8, 2, '2023-2024', 'Cần nỗ lực hơn'),
(392, 'HS0048', 'GV0008', 4, 7.5, 7, 7.5, 7, 8, 2, '2023-2024', 'Cần tập trung hơn trong học tập'),
(393, 'HS0049', 'GV0005', 1, 6, 5.5, 5.5, 6, 6.5, 1, '2023-2024', 'Cần tập trung hơn'),
(394, 'HS0049', 'GV0006', 2, 5.5, 6, 5, 5.5, 6, 1, '2023-2024', 'Cần cải thiện ôn tập'),
(395, 'HS0049', 'GV0007', 3, 5, 5.5, 5, 5, 5.5, 1, '2023-2024', 'Cần nỗ lực hơn'),
(396, 'HS0049', 'GV0008', 4, 5.5, 5, 5.5, 5, 5.5, 1, '2023-2024', 'Cần tập trung ôn bài'),
(397, 'HS0049', 'GV0005', 1, 6, 5.5, 6, 5.5, 6, 2, '2023-2024', 'Có thể tiến bộ nếu duy trì nỗ lực'),
(398, 'HS0049', 'GV0006', 2, 5.5, 5.5, 5, 5.5, 6, 2, '2023-2024', 'Cần tập trung học hơn'),
(399, 'HS0049', 'GV0007', 3, 5.5, 6, 5, 5.5, 5.5, 2, '2023-2024', 'Cần cải thiện bài kiểm tra'),
(400, 'HS0049', 'GV0008', 4, 5.5, 5, 5.5, 5, 6, 2, '2023-2024', 'Cần ôn bài tốt hơn'),
(401, 'HS0050', 'GV0005', 1, 4.5, 5, 5, 5, 5.5, 1, '2023-2024', 'Cần cải thiện nhiều hơn'),
(402, 'HS0050', 'GV0006', 2, 5, 4.5, 5.5, 5, 5.5, 1, '2023-2024', 'Nỗ lực hơn trong học tập'),
(403, 'HS0050', 'GV0007', 3, 4.5, 5, 4.5, 5, 5, 1, '2023-2024', 'Cần tập trung hơn'),
(404, 'HS0050', 'GV0008', 4, 5, 5.5, 5, 5.5, 5, 1, '2023-2024', 'Cần ôn bài và cải thiện kết quả'),
(405, 'HS0050', 'GV0005', 1, 5, 4.5, 5, 4.5, 5.5, 2, '2023-2024', 'Cần duy trì nỗ lực và cải thiện'),
(406, 'HS0050', 'GV0006', 2, 5.5, 5, 5, 5.5, 5, 2, '2023-2024', 'Nỗ lực hơn trong học tập'),
(407, 'HS0050', 'GV0007', 3, 4.5, 5, 4.5, 5, 5, 2, '2023-2024', 'Cần chăm chỉ hơn'),
(408, 'HS0050', 'GV0008', 4, 5, 4.5, 5.5, 5, 5.5, 2, '2023-2024', 'Cần nỗ lực để cải thiện kết quả'),
(409, 'HS0051', 'GV0009', 1, 9, 9.5, 8.5, 9, 9.5, 1, '2023-2024', 'Tiến bộ tốt, duy trì nỗ lực'),
(410, 'HS0051', 'GV0010', 2, 8.5, 9, 9, 8.5, 9, 1, '2023-2024', 'Tiến bộ, cần tập trung hơn'),
(411, 'HS0051', 'GV0011', 3, 9, 9.5, 9, 9, 9.5, 1, '2023-2024', 'Nổi bật trong môn học'),
(412, 'HS0051', 'GV0012', 4, 8.5, 9, 9, 8.5, 9.5, 1, '2023-2024', 'Cần cải thiện sự tập trung'),
(413, 'HS0051', 'GV0009', 1, 9, 9, 9, 9, 9.5, 2, '2023-2024', 'Giữ vững phong độ tốt'),
(414, 'HS0051', 'GV0010', 2, 9.5, 9, 9, 9, 9.5, 2, '2023-2024', 'Tiến bộ rõ rệt'),
(415, 'HS0051', 'GV0011', 3, 9, 9.5, 9, 9, 9.5, 2, '2023-2024', 'Cần duy trì nỗ lực'),
(416, 'HS0051', 'GV0012', 4, 9, 9, 9, 9, 9.5, 2, '2023-2024', 'Cải thiện kết quả học tập'),
(417, 'HS0052', 'GV0009', 1, 8.5, 9, 9, 8.5, 9, 1, '2023-2024', 'Tiến bộ ổn định, cần duy trì'),
(418, 'HS0052', 'GV0010', 2, 9, 9, 9, 9, 9.5, 1, '2023-2024', 'Cải thiện rõ rệt'),
(419, 'HS0052', 'GV0011', 3, 9.5, 9, 9, 9, 9.5, 1, '2023-2024', 'Nổi bật trong môn học'),
(420, 'HS0052', 'GV0012', 4, 9, 9, 9.5, 9, 9.5, 1, '2023-2024', 'Cần tập trung hơn'),
(421, 'HS0052', 'GV0009', 1, 8.5, 9.5, 9, 9, 9.5, 2, '2023-2024', 'Tiến bộ, duy trì nỗ lực'),
(422, 'HS0052', 'GV0010', 2, 9, 9.5, 9, 9, 9.5, 2, '2023-2024', 'Học ổn định, cần cải thiện'),
(423, 'HS0052', 'GV0011', 3, 9.5, 9, 9, 9, 9.5, 2, '2023-2024', 'Tiềm năng, cần tập trung'),
(424, 'HS0052', 'GV0012', 4, 9, 9, 9.5, 9, 9.5, 2, '2023-2024', 'Tăng cường học tập'),
(425, 'HS0053', 'GV0009', 1, 8, 8.5, 8, 8.5, 9, 1, '2023-2024', 'Tiến bộ, cần cải thiện'),
(426, 'HS0053', 'GV0010', 2, 8.5, 8, 8.5, 8.5, 9, 1, '2023-2024', 'Cải thiện, duy trì tập trung'),
(427, 'HS0053', 'GV0011', 3, 8, 8.5, 8, 8, 8.5, 1, '2023-2024', 'Cần chăm chỉ hơn'),
(428, 'HS0053', 'GV0012', 4, 8.5, 8, 8.5, 8, 9, 1, '2023-2024', 'Cải thiện tổ chức thời gian'),
(429, 'HS0053', 'GV0009', 1, 8, 8.5, 8.5, 8, 9, 2, '2023-2024', 'Cần tập trung hơn'),
(430, 'HS0053', 'GV0010', 2, 8.5, 8.5, 8, 8.5, 8.5, 2, '2023-2024', 'Cần chăm chỉ hơn'),
(431, 'HS0053', 'GV0011', 3, 8, 8.5, 8.5, 8.5, 8.5, 2, '2023-2024', 'Ổn định, cần duy trì'),
(432, 'HS0053', 'GV0012', 4, 8.5, 8, 8.5, 8.5, 9, 2, '2023-2024', 'Cải thiện kỹ năng học tập'),
(433, 'HS0054', 'GV0009', 1, 8, 8.5, 8.5, 8, 8.5, 1, '2023-2024', 'Cần cải thiện tự học'),
(434, 'HS0054', 'GV0010', 2, 8.5, 8, 8.5, 8.5, 8.5, 1, '2023-2024', 'Tiến bộ, cần nỗ lực hơn'),
(435, 'HS0054', 'GV0011', 3, 8, 8.5, 8, 8, 8.5, 1, '2023-2024', 'Cần tập trung hơn'),
(436, 'HS0054', 'GV0012', 4, 8.5, 8, 8.5, 8.5, 8.5, 1, '2023-2024', 'Cải thiện kỹ năng làm bài thi'),
(437, 'HS0054', 'GV0009', 1, 8, 8.5, 8.5, 8, 8.5, 2, '2023-2024', 'Cần cố gắng hơn'),
(438, 'HS0054', 'GV0010', 2, 8.5, 8.5, 8, 8.5, 8.5, 2, '2023-2024', 'Duy trì tập trung'),
(439, 'HS0054', 'GV0011', 3, 8, 8.5, 8.5, 8, 8.5, 2, '2023-2024', 'Cần chủ động hơn'),
(440, 'HS0054', 'GV0012', 4, 8.5, 8, 8.5, 8.5, 8.5, 2, '2023-2024', 'Cải thiện tự học và quản lý thời gian'),
(441, 'HS0055', 'GV0009', 1, 7.5, 8, 7.5, 8, 8, 1, '2023-2024', 'Cần nỗ lực cải thiện'),
(442, 'HS0055', 'GV0010', 2, 7.5, 7.5, 8, 7.5, 8.5, 1, '2023-2024', 'Tiến bộ, cần duy trì'),
(443, 'HS0055', 'GV0011', 3, 8, 7.5, 8, 8, 8, 1, '2023-2024', 'Cần cải thiện kỹ năng làm bài'),
(444, 'HS0055', 'GV0012', 4, 7.5, 8, 7.5, 8, 8, 1, '2023-2024', 'Cần chăm chỉ hơn'),
(445, 'HS0055', 'GV0009', 1, 7.5, 8, 8, 7.5, 8.5, 2, '2023-2024', 'Cần tập trung hơn'),
(446, 'HS0055', 'GV0010', 2, 7.5, 8, 8, 7.5, 8, 2, '2023-2024', 'Cần duy trì cố gắng'),
(447, 'HS0055', 'GV0011', 3, 8, 7.5, 7.5, 8, 8, 2, '2023-2024', 'Cải thiện làm bài kiểm tra'),
(448, 'HS0055', 'GV0012', 4, 7.5, 8, 8, 7.5, 8.5, 2, '2023-2024', 'Cần chủ động hơn'),
(449, 'HS0056', 'GV0009', 1, 7, 7.5, 7.5, 7.5, 8, 1, '2023-2024', 'Cần cố gắng cải thiện'),
(450, 'HS0056', 'GV0010', 2, 7.5, 7, 7.5, 7, 8, 1, '2023-2024', 'Cần tập trung hơn'),
(451, 'HS0056', 'GV0011', 3, 7.5, 7.5, 7, 7.5, 7.5, 1, '2023-2024', 'Cần cải thiện giải bài tập'),
(452, 'HS0056', 'GV0012', 4, 7, 7.5, 7.5, 7.5, 7.5, 1, '2023-2024', 'Cần cải thiện bài kiểm tra'),
(453, 'HS0056', 'GV0009', 1, 7.5, 7.5, 7, 7.5, 8, 2, '2023-2024', 'Cần tập trung hơn'),
(454, 'HS0056', 'GV0010', 2, 7, 7.5, 7.5, 7, 8, 2, '2023-2024', 'Cải thiện tự học'),
(455, 'HS0056', 'GV0011', 3, 7.5, 7.5, 7, 7.5, 8, 2, '2023-2024', 'Cần làm bài kiểm tra tốt hơn'),
(456, 'HS0056', 'GV0012', 4, 7.5, 7, 7.5, 7.5, 8, 2, '2023-2024', 'Cần nỗ lực cải thiện'),
(457, 'HS0057', 'GV0009', 1, 7.5, 8, 7.5, 7.5, 8, 1, '2023-2024', 'Cần chăm chỉ hơn'),
(458, 'HS0057', 'GV0010', 2, 7.5, 7.5, 7, 7.5, 8, 1, '2023-2024', 'Tiến bộ, cần tập trung hơn'),
(459, 'HS0057', 'GV0011', 3, 7.5, 7.5, 7.5, 7.5, 8, 1, '2023-2024', 'Cải thiện kỹ năng giải bài tập'),
(460, 'HS0057', 'GV0012', 4, 7.5, 7.5, 7.5, 7.5, 8, 1, '2023-2024', 'Cải thiện tự học và kết quả thi'),
(461, 'HS0057', 'GV0009', 1, 7.5, 7.5, 7, 7.5, 8, 2, '2023-2024', 'Nỗ lực hơn'),
(462, 'HS0057', 'GV0010', 2, 7.5, 7.5, 7, 7.5, 8, 2, '2023-2024', 'Duy trì cố gắng'),
(463, 'HS0057', 'GV0011', 3, 7.5, 7.5, 7.5, 7, 8, 2, '2023-2024', 'Cần cải thiện tổ chức thời gian'),
(464, 'HS0057', 'GV0012', 4, 7.5, 7.5, 7.5, 7.5, 8, 2, '2023-2024', 'Cải thiện phương pháp học'),
(465, 'HS0058', 'GV0009', 1, 7, 7.5, 7, 7.5, 8, 1, '2023-2024', 'Cần nỗ lực cải thiện'),
(466, 'HS0058', 'GV0010', 2, 7.5, 7.5, 7, 7.5, 8, 1, '2023-2024', 'Tập trung cải thiện kỹ năng'),
(467, 'HS0058', 'GV0011', 3, 7.5, 7, 7.5, 7.5, 8, 1, '2023-2024', 'Cải thiện kỹ năng bài tập'),
(468, 'HS0058', 'GV0012', 4, 7, 7.5, 7.5, 7, 8, 1, '2023-2024', 'Cần chủ động hơn trong học tập'),
(469, 'HS0058', 'GV0009', 1, 7, 7.5, 7.5, 7.5, 8, 2, '2023-2024', 'Cải thiện kết quả học tập'),
(470, 'HS0058', 'GV0010', 2, 7.5, 7, 7.5, 7.5, 8, 2, '2023-2024', 'Tiến bộ trong học tập'),
(471, 'HS0058', 'GV0011', 3, 7.5, 7, 7, 7.5, 8, 2, '2023-2024', 'Cần nỗ lực hơn'),
(472, 'HS0058', 'GV0012', 4, 7.5, 7, 7.5, 7, 8, 2, '2023-2024', 'Cần tập trung hơn trong học tập'),
(473, 'HS0059', 'GV0009', 1, 6, 5.5, 5.5, 6, 6.5, 1, '2023-2024', 'Cần tập trung hơn'),
(474, 'HS0059', 'GV0010', 2, 5.5, 6, 5, 5.5, 6, 1, '2023-2024', 'Cần cải thiện ôn tập'),
(475, 'HS0059', 'GV0011', 3, 5, 5.5, 5, 5, 5.5, 1, '2023-2024', 'Cần nỗ lực hơn'),
(476, 'HS0059', 'GV0012', 4, 5.5, 5, 5.5, 5, 5.5, 1, '2023-2024', 'Cần tập trung ôn bài'),
(477, 'HS0059', 'GV0009', 1, 6, 5.5, 6, 5.5, 6, 2, '2023-2024', 'Có thể tiến bộ nếu duy trì nỗ lực'),
(478, 'HS0059', 'GV0010', 2, 5.5, 5.5, 5, 5.5, 6, 2, '2023-2024', 'Cần tập trung học hơn'),
(479, 'HS0059', 'GV0011', 3, 5.5, 6, 5, 5.5, 5.5, 2, '2023-2024', 'Cần cải thiện bài kiểm tra'),
(480, 'HS0059', 'GV0012', 4, 5.5, 5, 5.5, 5, 6, 2, '2023-2024', 'Cần ôn bài tốt hơn'),
(481, 'HS0060', 'GV0009', 1, 4.5, 5, 5, 5, 5.5, 1, '2023-2024', 'Cần cải thiện nhiều hơn'),
(482, 'HS0060', 'GV0010', 2, 5, 4.5, 5.5, 5, 5.5, 1, '2023-2024', 'Nỗ lực hơn trong học tập'),
(483, 'HS0060', 'GV0011', 3, 4.5, 5, 4.5, 5, 5, 1, '2023-2024', 'Cần tập trung hơn'),
(484, 'HS0060', 'GV0012', 4, 5, 5.5, 5, 5.5, 5, 1, '2023-2024', 'Cần ôn bài và cải thiện kết quả'),
(485, 'HS0060', 'GV0009', 1, 5, 4.5, 5, 4.5, 5.5, 2, '2023-2024', 'Cần duy trì nỗ lực và cải thiện'),
(486, 'HS0060', 'GV0010', 2, 5.5, 5, 5, 5.5, 5, 2, '2023-2024', 'Nỗ lực hơn trong học tập'),
(487, 'HS0060', 'GV0011', 3, 4.5, 5, 4.5, 5, 5, 2, '2023-2024', 'Cần chăm chỉ hơn'),
(488, 'HS0060', 'GV0012', 4, 5, 4.5, 5.5, 5, 5.5, 2, '2023-2024', 'Cần nỗ lực để cải thiện kết quả'),
(569, 'HS0061', 'GV0001', 1, 8.5, 8.5, 9, 8.5, 9, 1, '2024-2025', 'Tiến bộ tốt, duy trì nỗ lực'),
(570, 'HS0061', 'GV0002', 2, 9, 8.5, 8.5, 8.5, 9, 1, '2024-2025', 'Tiến bộ, cần tập trung hơn'),
(571, 'HS0061', 'GV0003', 3, 8.5, 9, 8.5, 9, 8.5, 1, '2024-2025', 'Nổi bật trong môn học'),
(572, 'HS0061', 'GV0004', 4, 8.5, 8.5, 9, 8.5, 8.5, 1, '2024-2025', 'Cần cải thiện sự tập trung'),
(573, 'HS0061', 'GV0001', 1, 8.5, 9, 9, 8.5, 9, 2, '2024-2025', 'Giữ vững phong độ tốt'),
(574, 'HS0061', 'GV0002', 2, 8.5, 8.5, 8.5, 9, 9, 2, '2024-2025', 'Tiến bộ rõ rệt'),
(575, 'HS0061', 'GV0003', 3, 9, 8.5, 8.5, 8.5, 9, 2, '2024-2025', 'Cần duy trì nỗ lực'),
(576, 'HS0061', 'GV0004', 4, 9, 8.5, 8.5, 8.5, 8.5, 2, '2024-2025', 'Cải thiện kết quả học tập'),
(577, 'HS0062', 'GV0001', 1, 8.5, 8.5, 9, 8.5, 9, 1, '2024-2025', 'Tiến bộ ổn định, cần duy trì'),
(578, 'HS0062', 'GV0002', 2, 8.5, 9, 8.5, 9, 8.5, 1, '2024-2025', 'Cải thiện rõ rệt'),
(579, 'HS0062', 'GV0003', 3, 8.5, 9, 8.5, 8.5, 9, 1, '2024-2025', 'Nổi bật trong môn học'),
(580, 'HS0062', 'GV0004', 4, 9, 8.5, 8.5, 9, 8.5, 1, '2024-2025', 'Cần tập trung hơn'),
(581, 'HS0062', 'GV0001', 1, 8.5, 9, 8.5, 9, 8.5, 2, '2024-2025', 'Tiến bộ, duy trì nỗ lực'),
(582, 'HS0062', 'GV0002', 2, 9, 8.5, 8.5, 9, 9, 2, '2024-2025', 'Học ổn định, cần cải thiện'),
(583, 'HS0062', 'GV0003', 3, 9, 8.5, 9, 8.5, 8.5, 2, '2024-2025', 'Tiềm năng, cần tập trung'),
(584, 'HS0062', 'GV0004', 4, 8.5, 9, 8.5, 8.5, 9, 2, '2024-2025', 'Tăng cường học tập'),
(585, 'HS0063', 'GV0001', 1, 8.5, 8, 8.5, 8.5, 8.5, 1, '2024-2025', 'Tiến bộ, cần cải thiện'),
(586, 'HS0063', 'GV0002', 2, 8.5, 8.5, 8, 8.5, 9, 1, '2024-2025', 'Cải thiện, duy trì tập trung'),
(587, 'HS0063', 'GV0003', 3, 8, 8.5, 8.5, 8, 9, 1, '2024-2025', 'Cần chăm chỉ hơn'),
(588, 'HS0063', 'GV0004', 4, 8, 8, 8.5, 8.5, 8.5, 1, '2024-2025', 'Cải thiện tổ chức thời gian'),
(589, 'HS0063', 'GV0001', 1, 9, 8.5, 8.5, 8.5, 8, 2, '2024-2025', 'Cần tập trung hơn'),
(590, 'HS0063', 'GV0002', 2, 8.5, 9, 8.5, 8, 8.5, 2, '2024-2025', 'Cần chăm chỉ hơn'),
(591, 'HS0063', 'GV0003', 3, 8.5, 8, 9, 8.5, 8.5, 2, '2024-2025', 'Ổn định, cần duy trì'),
(592, 'HS0063', 'GV0004', 4, 8, 8.5, 8.5, 8.5, 8, 2, '2024-2025', 'Cải thiện kỹ năng học tập'),
(593, 'HS0064', 'GV0001', 1, 7.5, 8, 8, 7.5, 8.5, 1, '2024-2025', 'Cần cải thiện tự học'),
(594, 'HS0064', 'GV0002', 2, 8, 7.5, 8.5, 8, 8, 1, '2024-2025', 'Tiến bộ, cần nỗ lực hơn'),
(595, 'HS0064', 'GV0003', 3, 7, 7.5, 8, 7, 7.5, 1, '2024-2025', 'Cần tập trung hơn'),
(596, 'HS0064', 'GV0004', 4, 8, 7.5, 8, 8.5, 8, 1, '2024-2025', 'Cải thiện kỹ năng làm bài thi'),
(597, 'HS0064', 'GV0001', 1, 7.5, 8, 8.5, 7.5, 8, 2, '2024-2025', 'Cần cố gắng hơn'),
(598, 'HS0064', 'GV0002', 2, 8, 8, 7.5, 8.5, 8, 2, '2024-2025', 'Duy trì tập trung'),
(599, 'HS0064', 'GV0003', 3, 7, 8.5, 7.5, 8, 7.5, 2, '2024-2025', 'Cần chủ động hơn'),
(600, 'HS0064', 'GV0004', 4, 8, 7, 8, 8.5, 7.5, 2, '2024-2025', 'Cải thiện tự học và quản lý thời gian'),
(601, 'HS0065', 'GV0001', 1, 7, 7.5, 8, 7, 8, 1, '2024-2025', 'Cần nỗ lực cải thiện'),
(602, 'HS0065', 'GV0002', 2, 7.5, 8, 7.5, 7, 8.5, 1, '2024-2025', 'Tiến bộ, cần duy trì'),
(603, 'HS0065', 'GV0003', 3, 8, 7.5, 8, 8, 8.5, 1, '2024-2025', 'Cần cải thiện kỹ năng làm bài'),
(604, 'HS0065', 'GV0004', 4, 7.5, 7, 8, 7.5, 8, 1, '2024-2025', 'Cần chăm chỉ hơn'),
(605, 'HS0065', 'GV0001', 1, 7, 8.5, 7.5, 7.5, 8, 2, '2024-2025', 'Cần tập trung hơn'),
(606, 'HS0065', 'GV0002', 2, 7.5, 7.5, 8, 7, 8.5, 2, '2024-2025', 'Cần duy trì cố gắng'),
(607, 'HS0065', 'GV0003', 3, 8, 7, 8, 7.5, 8, 2, '2024-2025', 'Cải thiện làm bài kiểm tra'),
(608, 'HS0065', 'GV0004', 4, 7.5, 8, 7.5, 7, 8.5, 2, '2024-2025', 'Cần chủ động hơn'),
(609, 'HS0066', 'GV0001', 1, 7, 7.5, 7, 7, 7.5, 1, '2024-2025', 'Cần cố gắng cải thiện'),
(610, 'HS0066', 'GV0002', 2, 7.5, 7, 7.5, 7, 7.5, 1, '2024-2025', 'Cần tập trung hơn'),
(611, 'HS0066', 'GV0003', 3, 7, 7.5, 6.5, 7, 7.5, 1, '2024-2025', 'Cần cải thiện giải bài tập'),
(612, 'HS0066', 'GV0004', 4, 7.5, 6.5, 7, 7.5, 7.5, 1, '2024-2025', 'Cần cải thiện bài kiểm tra'),
(613, 'HS0066', 'GV0001', 1, 7, 7, 7.5, 7.5, 7.5, 2, '2024-2025', 'Cần tập trung hơn'),
(614, 'HS0066', 'GV0002', 2, 7.5, 7, 7, 7.5, 7, 2, '2024-2025', 'Cải thiện tự học'),
(615, 'HS0066', 'GV0003', 3, 7.5, 7, 6.5, 7.5, 7.5, 2, '2024-2025', 'Cần làm bài kiểm tra tốt hơn'),
(616, 'HS0066', 'GV0004', 4, 7, 6.5, 7, 7.5, 7, 2, '2024-2025', 'Cần nỗ lực cải thiện'),
(617, 'HS0067', 'GV0001', 1, 7, 8, 7, 7.5, 8, 1, '2024-2025', 'Cần chăm chỉ hơn'),
(618, 'HS0067', 'GV0002', 2, 7.5, 7.5, 7, 7.5, 8.5, 1, '2024-2025', 'Tiến bộ, cần tập trung hơn'),
(619, 'HS0067', 'GV0003', 3, 7.5, 8, 7.5, 7.5, 8, 1, '2024-2025', 'Cải thiện kỹ năng giải bài tập'),
(620, 'HS0067', 'GV0004', 4, 8, 7.5, 7.5, 8, 8, 1, '2024-2025', 'Cải thiện tự học và kết quả thi'),
(621, 'HS0067', 'GV0001', 1, 7.5, 7, 7.5, 7, 8.5, 2, '2024-2025', 'Nỗ lực hơn'),
(622, 'HS0067', 'GV0002', 2, 8, 7.5, 7, 7.5, 8, 2, '2024-2025', 'Duy trì cố gắng'),
(623, 'HS0067', 'GV0003', 3, 7, 8, 7.5, 7, 8.5, 2, '2024-2025', 'Cần cải thiện tổ chức thời gian'),
(624, 'HS0067', 'GV0004', 4, 7.5, 7.5, 7.5, 7.5, 9, 2, '2024-2025', 'Cải thiện phương pháp học'),
(625, 'HS0068', 'GV0001', 1, 7, 7.5, 7, 7, 7.5, 1, '2024-2025', 'Cần nỗ lực cải thiện'),
(626, 'HS0068', 'GV0002', 2, 7.5, 7, 7, 7.5, 7.5, 1, '2024-2025', 'Tập trung cải thiện kỹ năng'),
(627, 'HS0068', 'GV0003', 3, 7, 7.5, 7, 7.5, 7.5, 1, '2024-2025', 'Cải thiện kỹ năng bài tập'),
(628, 'HS0068', 'GV0004', 4, 6.5, 7, 7, 7.5, 7.5, 1, '2024-2025', 'Cần chủ động hơn trong học tập'),
(629, 'HS0068', 'GV0001', 1, 7, 7, 6.5, 7.5, 7.5, 2, '2024-2025', 'Cải thiện kết quả học tập'),
(630, 'HS0068', 'GV0002', 2, 7.5, 7, 7, 7.5, 7, 2, '2024-2025', 'Tiến bộ trong học tập'),
(631, 'HS0068', 'GV0003', 3, 7, 7.5, 7.5, 7, 7.5, 2, '2024-2025', 'Cần nỗ lực hơn'),
(632, 'HS0068', 'GV0004', 4, 6.5, 7.5, 7, 7, 7.5, 2, '2024-2025', 'Cần tập trung hơn trong học tập'),
(633, 'HS0069', 'GV0001', 1, 6, 6, 5.5, 6, 6.5, 1, '2024-2025', 'Cần tập trung hơn'),
(634, 'HS0069', 'GV0002', 2, 6, 5.5, 5.5, 6, 6, 1, '2024-2025', 'Cần cải thiện ôn tập'),
(635, 'HS0069', 'GV0003', 3, 5.5, 5.5, 5, 5.5, 6, 1, '2024-2025', 'Cần nỗ lực hơn'),
(636, 'HS0069', 'GV0004', 4, 5.5, 5, 5.5, 5, 5.5, 1, '2024-2025', 'Cần tập trung ôn bài'),
(637, 'HS0069', 'GV0001', 1, 6, 6, 6, 5.5, 6, 2, '2024-2025', 'Có thể tiến bộ nếu duy trì nỗ lực'),
(638, 'HS0069', 'GV0002', 2, 5.5, 6, 5.5, 5.5, 6, 2, '2024-2025', 'Cần tập trung học hơn'),
(639, 'HS0069', 'GV0003', 3, 5.5, 5.5, 5.5, 5, 6, 2, '2024-2025', 'Cần cải thiện bài kiểm tra'),
(640, 'HS0069', 'GV0004', 4, 5.5, 6, 5, 5.5, 6, 2, '2024-2025', 'Cần ôn bài tốt hơn'),
(641, 'HS0070', 'GV0001', 1, 4.5, 5, 5, 5.5, 5.5, 1, '2024-2025', 'Cần cải thiện nhiều hơn'),
(642, 'HS0070', 'GV0002', 2, 5, 5, 5, 5.5, 5, 1, '2024-2025', 'Nỗ lực hơn trong học tập'),
(643, 'HS0070', 'GV0003', 3, 5, 4.5, 5, 5, 5, 1, '2024-2025', 'Cần tập trung hơn'),
(644, 'HS0070', 'GV0004', 4, 5.5, 5, 5, 5.5, 5, 1, '2024-2025', 'Cần ôn bài và cải thiện kết quả'),
(645, 'HS0070', 'GV0001', 1, 5, 5.5, 4.5, 5, 5.5, 2, '2024-2025', 'Cần duy trì nỗ lực và cải thiện'),
(646, 'HS0070', 'GV0002', 2, 5, 5.5, 5, 5.5, 5.5, 2, '2024-2025', 'Nỗ lực hơn trong học tập');
INSERT INTO `diem` (`MaDiem`, `MaHS`, `MaGV`, `MaMH`, `Diem15P_1`, `Diem15P_2`, `Diem1Tiet_1`, `Diem1Tiet_2`, `DiemCK`, `HocKy`, `NamHoc`, `NhanXet`) VALUES
(647, 'HS0070', 'GV0003', 3, 4.5, 5.5, 4.5, 5, 5.5, 2, '2024-2025', 'Cần chăm chỉ hơn'),
(648, 'HS0070', 'GV0004', 4, 5, 4.5, 5, 5.5, 5, 2, '2024-2025', 'Cần nỗ lực để cải thiện kết quả'),
(649, 'HS0071', 'GV0001', 1, 8.5, 8.5, 9, 8.5, 9, 1, '2024-2025', 'Tiến bộ tốt, duy trì nỗ lực'),
(650, 'HS0071', 'GV0002', 2, 9, 8.5, 8.5, 8.5, 9, 1, '2024-2025', 'Tiến bộ, cần tập trung hơn'),
(651, 'HS0071', 'GV0003', 3, 8.5, 9, 8.5, 9, 8.5, 1, '2024-2025', 'Nổi bật trong môn học'),
(652, 'HS0071', 'GV0004', 4, 8.5, 8.5, 9, 8.5, 8.5, 1, '2024-2025', 'Cần cải thiện sự tập trung'),
(653, 'HS0071', 'GV0001', 1, 8.5, 9, 9, 8.5, 9, 2, '2024-2025', 'Giữ vững phong độ tốt'),
(654, 'HS0071', 'GV0002', 2, 8.5, 8.5, 8.5, 9, 9, 2, '2024-2025', 'Tiến bộ rõ rệt'),
(655, 'HS0071', 'GV0003', 3, 9, 8.5, 8.5, 8.5, 9, 2, '2024-2025', 'Cần duy trì nỗ lực'),
(656, 'HS0071', 'GV0004', 4, 9, 8.5, 8.5, 8.5, 8.5, 2, '2024-2025', 'Cải thiện kết quả học tập'),
(657, 'HS0072', 'GV0001', 1, 8.5, 8.5, 9, 8.5, 9, 1, '2024-2025', 'Tiến bộ ổn định, cần duy trì'),
(658, 'HS0072', 'GV0002', 2, 8.5, 9, 8.5, 9, 8.5, 1, '2024-2025', 'Cải thiện rõ rệt'),
(659, 'HS0072', 'GV0003', 3, 8.5, 9, 8.5, 8.5, 9, 1, '2024-2025', 'Nổi bật trong môn học'),
(660, 'HS0072', 'GV0004', 4, 9, 8.5, 8.5, 9, 8.5, 1, '2024-2025', 'Cần tập trung hơn'),
(661, 'HS0072', 'GV0001', 1, 8.5, 9, 8.5, 9, 8.5, 2, '2024-2025', 'Tiến bộ, duy trì nỗ lực'),
(662, 'HS0072', 'GV0002', 2, 9, 8.5, 8.5, 9, 9, 2, '2024-2025', 'Học ổn định, cần cải thiện'),
(663, 'HS0072', 'GV0003', 3, 9, 8.5, 9, 8.5, 8.5, 2, '2024-2025', 'Tiềm năng, cần tập trung'),
(664, 'HS0072', 'GV0004', 4, 8.5, 9, 8.5, 8.5, 9, 2, '2024-2025', 'Tăng cường học tập'),
(665, 'HS0073', 'GV0001', 1, 8.5, 8, 8.5, 8.5, 8.5, 1, '2024-2025', 'Tiến bộ, cần cải thiện'),
(666, 'HS0073', 'GV0002', 2, 8.5, 8.5, 8, 8.5, 9, 1, '2024-2025', 'Cải thiện, duy trì tập trung'),
(667, 'HS0073', 'GV0003', 3, 8, 8.5, 8.5, 8, 9, 1, '2024-2025', 'Cần chăm chỉ hơn'),
(668, 'HS0073', 'GV0004', 4, 8, 8, 8.5, 8.5, 8.5, 1, '2024-2025', 'Cải thiện tổ chức thời gian'),
(669, 'HS0073', 'GV0001', 1, 9, 8.5, 8.5, 8.5, 8, 2, '2024-2025', 'Cần tập trung hơn'),
(670, 'HS0073', 'GV0002', 2, 8.5, 9, 8.5, 8, 8.5, 2, '2024-2025', 'Cần chăm chỉ hơn'),
(671, 'HS0073', 'GV0003', 3, 8.5, 8, 9, 8.5, 8.5, 2, '2024-2025', 'Ổn định, cần duy trì'),
(672, 'HS0073', 'GV0004', 4, 8, 8.5, 8.5, 8.5, 8, 2, '2024-2025', 'Cải thiện kỹ năng học tập'),
(673, 'HS0074', 'GV0001', 1, 7.5, 8, 8, 7.5, 8.5, 1, '2024-2025', 'Cần cải thiện tự học'),
(674, 'HS0074', 'GV0002', 2, 8, 7.5, 8.5, 8, 8, 1, '2024-2025', 'Tiến bộ, cần nỗ lực hơn'),
(675, 'HS0074', 'GV0003', 3, 7, 7.5, 8, 7, 7.5, 1, '2024-2025', 'Cần tập trung hơn'),
(676, 'HS0074', 'GV0004', 4, 8, 7.5, 8, 8.5, 8, 1, '2024-2025', 'Cải thiện kỹ năng làm bài thi'),
(677, 'HS0074', 'GV0001', 1, 7.5, 8, 8.5, 7.5, 8, 2, '2024-2025', 'Cần cố gắng hơn'),
(678, 'HS0074', 'GV0002', 2, 8, 8, 7.5, 8.5, 8, 2, '2024-2025', 'Duy trì tập trung'),
(679, 'HS0074', 'GV0003', 3, 7, 8.5, 7.5, 8, 7.5, 2, '2024-2025', 'Cần chủ động hơn'),
(680, 'HS0074', 'GV0004', 4, 8, 7, 8, 8.5, 7.5, 2, '2024-2025', 'Cải thiện tự học và quản lý thời gian'),
(681, 'HS0075', 'GV0001', 1, 7, 7.5, 8, 7, 8, 1, '2024-2025', 'Cần nỗ lực cải thiện'),
(682, 'HS0075', 'GV0002', 2, 7.5, 8, 7.5, 7, 8.5, 1, '2024-2025', 'Tiến bộ, cần duy trì'),
(683, 'HS0075', 'GV0003', 3, 8, 7.5, 8, 8, 8.5, 1, '2024-2025', 'Cần cải thiện kỹ năng làm bài'),
(684, 'HS0075', 'GV0004', 4, 7.5, 7, 8, 7.5, 8, 1, '2024-2025', 'Cần chăm chỉ hơn'),
(685, 'HS0075', 'GV0001', 1, 7, 8.5, 7.5, 7.5, 8, 2, '2024-2025', 'Cần tập trung hơn'),
(686, 'HS0075', 'GV0002', 2, 7.5, 7.5, 8, 7, 8.5, 2, '2024-2025', 'Cần duy trì cố gắng'),
(687, 'HS0075', 'GV0003', 3, 8, 7, 8, 7.5, 8, 2, '2024-2025', 'Cải thiện làm bài kiểm tra'),
(688, 'HS0075', 'GV0004', 4, 7.5, 8, 7.5, 7, 8.5, 2, '2024-2025', 'Cần chủ động hơn'),
(689, 'HS0076', 'GV0001', 1, 7, 7.5, 7, 7, 7.5, 1, '2024-2025', 'Cần cố gắng cải thiện'),
(690, 'HS0076', 'GV0002', 2, 7.5, 7, 7.5, 7, 7.5, 1, '2024-2025', 'Cần tập trung hơn'),
(691, 'HS0076', 'GV0003', 3, 7, 7.5, 6.5, 7, 7.5, 1, '2024-2025', 'Cần cải thiện giải bài tập'),
(692, 'HS0076', 'GV0004', 4, 7.5, 6.5, 7, 7.5, 7.5, 1, '2024-2025', 'Cần cải thiện bài kiểm tra'),
(693, 'HS0076', 'GV0001', 1, 7, 7, 7.5, 7.5, 7.5, 2, '2024-2025', 'Cần tập trung hơn'),
(694, 'HS0076', 'GV0002', 2, 7.5, 7, 7, 7.5, 7, 2, '2024-2025', 'Cải thiện tự học'),
(695, 'HS0076', 'GV0003', 3, 7.5, 7, 6.5, 7.5, 7.5, 2, '2024-2025', 'Cần làm bài kiểm tra tốt hơn'),
(696, 'HS0076', 'GV0004', 4, 7, 6.5, 7, 7.5, 7, 2, '2024-2025', 'Cần nỗ lực cải thiện'),
(697, 'HS0077', 'GV0001', 1, 7, 8, 7, 7.5, 8, 1, '2024-2025', 'Cần chăm chỉ hơn'),
(698, 'HS0077', 'GV0002', 2, 7.5, 7.5, 7, 7.5, 8.5, 1, '2024-2025', 'Tiến bộ, cần tập trung hơn'),
(699, 'HS0077', 'GV0003', 3, 7.5, 8, 7.5, 7.5, 8, 1, '2024-2025', 'Cải thiện kỹ năng giải bài tập'),
(700, 'HS0077', 'GV0004', 4, 8, 7.5, 7.5, 8, 8, 1, '2024-2025', 'Cải thiện tự học và kết quả thi'),
(701, 'HS0077', 'GV0001', 1, 7.5, 7, 7.5, 7, 8.5, 2, '2024-2025', 'Nỗ lực hơn'),
(702, 'HS0077', 'GV0002', 2, 8, 7.5, 7, 7.5, 8, 2, '2024-2025', 'Duy trì cố gắng'),
(703, 'HS0077', 'GV0003', 3, 7, 8, 7.5, 7, 8.5, 2, '2024-2025', 'Cần cải thiện tổ chức thời gian'),
(704, 'HS0077', 'GV0004', 4, 7.5, 7.5, 7.5, 7.5, 9, 2, '2024-2025', 'Cải thiện phương pháp học'),
(705, 'HS0078', 'GV0001', 1, 7, 7.5, 7, 7, 7.5, 1, '2024-2025', 'Cần nỗ lực cải thiện'),
(706, 'HS0078', 'GV0002', 2, 7.5, 7, 7, 7.5, 7.5, 1, '2024-2025', 'Tập trung cải thiện kỹ năng'),
(707, 'HS0078', 'GV0003', 3, 7, 7.5, 7, 7.5, 7.5, 1, '2024-2025', 'Cải thiện kỹ năng bài tập'),
(708, 'HS0078', 'GV0004', 4, 6.5, 7, 7, 7.5, 7.5, 1, '2024-2025', 'Cần chủ động hơn trong học tập'),
(709, 'HS0078', 'GV0001', 1, 7, 7, 6.5, 7.5, 7.5, 2, '2024-2025', 'Cải thiện kết quả học tập'),
(710, 'HS0078', 'GV0002', 2, 7.5, 7, 7, 7.5, 7, 2, '2024-2025', 'Tiến bộ trong học tập'),
(711, 'HS0078', 'GV0003', 3, 7, 7.5, 7.5, 7, 7.5, 2, '2024-2025', 'Cần nỗ lực hơn'),
(712, 'HS0078', 'GV0004', 4, 6.5, 7.5, 7, 7, 7.5, 2, '2024-2025', 'Cần tập trung hơn trong học tập'),
(713, 'HS0079', 'GV0001', 1, 6, 6, 5.5, 6, 6.5, 1, '2024-2025', 'Cần tập trung hơn'),
(714, 'HS0079', 'GV0002', 2, 6, 5.5, 5.5, 6, 6, 1, '2024-2025', 'Cần cải thiện ôn tập'),
(715, 'HS0079', 'GV0003', 3, 5.5, 5.5, 5, 5.5, 6, 1, '2024-2025', 'Cần nỗ lực hơn'),
(716, 'HS0079', 'GV0004', 4, 5.5, 5, 5.5, 5, 5.5, 1, '2024-2025', 'Cần tập trung ôn bài'),
(717, 'HS0079', 'GV0001', 1, 6, 6, 6, 5.5, 6, 2, '2024-2025', 'Có thể tiến bộ nếu duy trì nỗ lực'),
(718, 'HS0079', 'GV0002', 2, 5.5, 6, 5.5, 5.5, 6, 2, '2024-2025', 'Cần tập trung học hơn'),
(719, 'HS0079', 'GV0003', 3, 5.5, 5.5, 5.5, 5, 6, 2, '2024-2025', 'Cần cải thiện bài kiểm tra'),
(720, 'HS0079', 'GV0004', 4, 5.5, 6, 5, 5.5, 6, 2, '2024-2025', 'Cần ôn bài tốt hơn'),
(721, 'HS0080', 'GV0001', 1, 4.5, 5, 5, 5.5, 5.5, 1, '2024-2025', 'Cần cải thiện nhiều hơn'),
(722, 'HS0080', 'GV0002', 2, 5, 5, 5, 5.5, 5, 1, '2024-2025', 'Nỗ lực hơn trong học tập'),
(723, 'HS0080', 'GV0003', 3, 5, 4.5, 5, 5, 5, 1, '2024-2025', 'Cần tập trung hơn'),
(724, 'HS0080', 'GV0004', 4, 5.5, 5, 5, 5.5, 5, 1, '2024-2025', 'Cần ôn bài và cải thiện kết quả'),
(725, 'HS0080', 'GV0001', 1, 5, 5.5, 4.5, 5, 5.5, 2, '2024-2025', 'Cần duy trì nỗ lực và cải thiện'),
(726, 'HS0080', 'GV0002', 2, 5, 5.5, 5, 5.5, 5.5, 2, '2024-2025', 'Nỗ lực hơn trong học tập'),
(727, 'HS0080', 'GV0003', 3, 4.5, 5.5, 4.5, 5, 5.5, 2, '2024-2025', 'Cần chăm chỉ hơn'),
(728, 'HS0080', 'GV0004', 4, 5, 4.5, 5, 5.5, 5, 2, '2024-2025', 'Cần nỗ lực để cải thiện kết quả'),
(729, 'HS0081', 'GV0001', 1, 8.5, 8.5, 9, 8.5, 9, 1, '2024-2025', 'Tiến bộ tốt, duy trì nỗ lực'),
(730, 'HS0081', 'GV0002', 2, 9, 8.5, 8.5, 8.5, 9, 1, '2024-2025', 'Tiến bộ, cần tập trung hơn'),
(731, 'HS0081', 'GV0003', 3, 8.5, 9, 8.5, 9, 8.5, 1, '2024-2025', 'Nổi bật trong môn học'),
(732, 'HS0081', 'GV0004', 4, 8.5, 8.5, 9, 8.5, 8.5, 1, '2024-2025', 'Cần cải thiện sự tập trung'),
(733, 'HS0081', 'GV0001', 1, 8.5, 9, 9, 8.5, 9, 2, '2024-2025', 'Giữ vững phong độ tốt'),
(734, 'HS0081', 'GV0002', 2, 8.5, 8.5, 8.5, 9, 9, 2, '2024-2025', 'Tiến bộ rõ rệt'),
(735, 'HS0081', 'GV0003', 3, 9, 8.5, 8.5, 8.5, 9, 2, '2024-2025', 'Cần duy trì nỗ lực'),
(736, 'HS0081', 'GV0004', 4, 9, 8.5, 8.5, 8.5, 8.5, 2, '2024-2025', 'Cải thiện kết quả học tập'),
(737, 'HS0082', 'GV0001', 1, 8.5, 8.5, 9, 8.5, 9, 1, '2024-2025', 'Tiến bộ ổn định, cần duy trì'),
(738, 'HS0082', 'GV0002', 2, 8.5, 9, 8.5, 9, 8.5, 1, '2024-2025', 'Cải thiện rõ rệt'),
(739, 'HS0082', 'GV0003', 3, 8.5, 9, 8.5, 8.5, 9, 1, '2024-2025', 'Nổi bật trong môn học'),
(740, 'HS0082', 'GV0004', 4, 9, 8.5, 8.5, 9, 8.5, 1, '2024-2025', 'Cần tập trung hơn'),
(741, 'HS0082', 'GV0001', 1, 8.5, 9, 8.5, 9, 8.5, 2, '2024-2025', 'Tiến bộ, duy trì nỗ lực'),
(742, 'HS0082', 'GV0002', 2, 9, 8.5, 8.5, 9, 9, 2, '2024-2025', 'Học ổn định, cần cải thiện'),
(743, 'HS0082', 'GV0003', 3, 9, 8.5, 9, 8.5, 8.5, 2, '2024-2025', 'Tiềm năng, cần tập trung'),
(744, 'HS0082', 'GV0004', 4, 8.5, 9, 8.5, 8.5, 9, 2, '2024-2025', 'Tăng cường học tập'),
(745, 'HS0083', 'GV0001', 1, 8.5, 8, 8.5, 8.5, 8.5, 1, '2024-2025', 'Tiến bộ, cần cải thiện'),
(746, 'HS0083', 'GV0002', 2, 8.5, 8.5, 8, 8.5, 9, 1, '2024-2025', 'Cải thiện, duy trì tập trung'),
(747, 'HS0083', 'GV0003', 3, 8, 8.5, 8.5, 8, 9, 1, '2024-2025', 'Cần chăm chỉ hơn'),
(748, 'HS0083', 'GV0004', 4, 8, 8, 8.5, 8.5, 8.5, 1, '2024-2025', 'Cải thiện tổ chức thời gian'),
(749, 'HS0083', 'GV0001', 1, 9, 8.5, 8.5, 8.5, 8, 2, '2024-2025', 'Cần tập trung hơn'),
(750, 'HS0083', 'GV0002', 2, 8.5, 9, 8.5, 8, 8.5, 2, '2024-2025', 'Cần chăm chỉ hơn'),
(751, 'HS0083', 'GV0003', 3, 8.5, 8, 9, 8.5, 8.5, 2, '2024-2025', 'Ổn định, cần duy trì'),
(752, 'HS0083', 'GV0004', 4, 8, 8.5, 8.5, 8.5, 8, 2, '2024-2025', 'Cải thiện kỹ năng học tập'),
(753, 'HS0084', 'GV0001', 1, 7.5, 8, 8, 7.5, 8.5, 1, '2024-2025', 'Cần cải thiện tự học'),
(754, 'HS0084', 'GV0002', 2, 8, 7.5, 8.5, 8, 8, 1, '2024-2025', 'Tiến bộ, cần nỗ lực hơn'),
(755, 'HS0084', 'GV0003', 3, 7, 7.5, 8, 7, 7.5, 1, '2024-2025', 'Cần tập trung hơn'),
(756, 'HS0084', 'GV0004', 4, 8, 7.5, 8, 8.5, 8, 1, '2024-2025', 'Cải thiện kỹ năng làm bài thi'),
(757, 'HS0084', 'GV0001', 1, 7.5, 8, 8.5, 7.5, 8, 2, '2024-2025', 'Cần cố gắng hơn'),
(758, 'HS0084', 'GV0002', 2, 8, 8, 7.5, 8.5, 8, 2, '2024-2025', 'Duy trì tập trung'),
(759, 'HS0084', 'GV0003', 3, 7, 8.5, 7.5, 8, 7.5, 2, '2024-2025', 'Cần chủ động hơn'),
(760, 'HS0084', 'GV0004', 4, 8, 7, 8, 8.5, 7.5, 2, '2024-2025', 'Cải thiện tự học và quản lý thời gian'),
(761, 'HS0085', 'GV0001', 1, 7, 7.5, 8, 7, 8, 1, '2024-2025', 'Cần nỗ lực cải thiện'),
(762, 'HS0085', 'GV0002', 2, 7.5, 8, 7.5, 7, 8.5, 1, '2024-2025', 'Tiến bộ, cần duy trì'),
(763, 'HS0085', 'GV0003', 3, 8, 7.5, 8, 8, 8.5, 1, '2024-2025', 'Cần cải thiện kỹ năng làm bài'),
(764, 'HS0085', 'GV0004', 4, 7.5, 7, 8, 7.5, 8, 1, '2024-2025', 'Cần chăm chỉ hơn'),
(765, 'HS0085', 'GV0001', 1, 7, 8.5, 7.5, 7.5, 8, 2, '2024-2025', 'Cần tập trung hơn'),
(766, 'HS0085', 'GV0002', 2, 7.5, 7.5, 8, 7, 8.5, 2, '2024-2025', 'Cần duy trì cố gắng'),
(767, 'HS0085', 'GV0003', 3, 8, 7, 8, 7.5, 8, 2, '2024-2025', 'Cải thiện làm bài kiểm tra'),
(768, 'HS0085', 'GV0004', 4, 7.5, 8, 7.5, 7, 8.5, 2, '2024-2025', 'Cần chủ động hơn'),
(769, 'HS0086', 'GV0001', 1, 7, 7.5, 7, 7, 7.5, 1, '2024-2025', 'Cần cố gắng cải thiện'),
(770, 'HS0086', 'GV0002', 2, 7.5, 7, 7.5, 7, 7.5, 1, '2024-2025', 'Cần tập trung hơn'),
(771, 'HS0086', 'GV0003', 3, 7, 7.5, 6.5, 7, 7.5, 1, '2024-2025', 'Cần cải thiện giải bài tập'),
(772, 'HS0086', 'GV0004', 4, 7.5, 6.5, 7, 7.5, 7.5, 1, '2024-2025', 'Cần cải thiện bài kiểm tra'),
(773, 'HS0086', 'GV0001', 1, 7, 7, 7.5, 7.5, 7.5, 2, '2024-2025', 'Cần tập trung hơn'),
(774, 'HS0086', 'GV0002', 2, 7.5, 7, 7, 7.5, 7, 2, '2024-2025', 'Cải thiện tự học'),
(775, 'HS0086', 'GV0003', 3, 7.5, 7, 6.5, 7.5, 7.5, 2, '2024-2025', 'Cần làm bài kiểm tra tốt hơn'),
(776, 'HS0086', 'GV0004', 4, 7, 6.5, 7, 7.5, 7, 2, '2024-2025', 'Cần nỗ lực cải thiện'),
(777, 'HS0087', 'GV0001', 1, 7, 8, 7, 7.5, 8, 1, '2024-2025', 'Cần chăm chỉ hơn'),
(778, 'HS0087', 'GV0002', 2, 7.5, 7.5, 7, 7.5, 8.5, 1, '2024-2025', 'Tiến bộ, cần tập trung hơn'),
(779, 'HS0087', 'GV0003', 3, 7.5, 8, 7.5, 7.5, 8, 1, '2024-2025', 'Cải thiện kỹ năng giải bài tập'),
(780, 'HS0087', 'GV0004', 4, 8, 7.5, 7.5, 8, 8, 1, '2024-2025', 'Cải thiện tự học và kết quả thi'),
(781, 'HS0087', 'GV0001', 1, 7.5, 7, 7.5, 7, 8.5, 2, '2024-2025', 'Nỗ lực hơn'),
(782, 'HS0087', 'GV0002', 2, 8, 7.5, 7, 7.5, 8, 2, '2024-2025', 'Duy trì cố gắng'),
(783, 'HS0087', 'GV0003', 3, 7, 8, 7.5, 7, 8.5, 2, '2024-2025', 'Cần cải thiện tổ chức thời gian'),
(784, 'HS0087', 'GV0004', 4, 7.5, 7.5, 7.5, 7.5, 9, 2, '2024-2025', 'Cải thiện phương pháp học'),
(785, 'HS0088', 'GV0001', 1, 7, 7.5, 7, 7, 7.5, 1, '2024-2025', 'Cần nỗ lực cải thiện'),
(786, 'HS0088', 'GV0002', 2, 7.5, 7, 7, 7.5, 7.5, 1, '2024-2025', 'Tập trung cải thiện kỹ năng'),
(787, 'HS0088', 'GV0003', 3, 7, 7.5, 7, 7.5, 7.5, 1, '2024-2025', 'Cải thiện kỹ năng bài tập'),
(788, 'HS0088', 'GV0004', 4, 6.5, 7, 7, 7.5, 7.5, 1, '2024-2025', 'Cần chủ động hơn trong học tập'),
(789, 'HS0088', 'GV0001', 1, 7, 7, 6.5, 7.5, 7.5, 2, '2024-2025', 'Cải thiện kết quả học tập'),
(790, 'HS0088', 'GV0002', 2, 7.5, 7, 7, 7.5, 7, 2, '2024-2025', 'Tiến bộ trong học tập'),
(791, 'HS0088', 'GV0003', 3, 7, 7.5, 7.5, 7, 7.5, 2, '2024-2025', 'Cần nỗ lực hơn'),
(792, 'HS0088', 'GV0004', 4, 6.5, 7.5, 7, 7, 7.5, 2, '2024-2025', 'Cần tập trung hơn trong học tập'),
(793, 'HS0089', 'GV0001', 1, 6, 6, 5.5, 6, 6.5, 1, '2024-2025', 'Cần tập trung hơn'),
(794, 'HS0089', 'GV0002', 2, 6, 5.5, 5.5, 6, 6, 1, '2024-2025', 'Cần cải thiện ôn tập'),
(795, 'HS0089', 'GV0003', 3, 5.5, 5.5, 5, 5.5, 6, 1, '2024-2025', 'Cần nỗ lực hơn'),
(796, 'HS0089', 'GV0004', 4, 5.5, 5, 5.5, 5, 5.5, 1, '2024-2025', 'Cần tập trung ôn bài'),
(797, 'HS0089', 'GV0001', 1, 6, 6, 6, 5.5, 6, 2, '2024-2025', 'Có thể tiến bộ nếu duy trì nỗ lực'),
(798, 'HS0089', 'GV0002', 2, 5.5, 6, 5.5, 5.5, 6, 2, '2024-2025', 'Cần tập trung học hơn'),
(799, 'HS0089', 'GV0003', 3, 5.5, 5.5, 5.5, 5, 6, 2, '2024-2025', 'Cần cải thiện bài kiểm tra'),
(800, 'HS0089', 'GV0004', 4, 5.5, 6, 5, 5.5, 6, 2, '2024-2025', 'Cần ôn bài tốt hơn'),
(801, 'HS0090', 'GV0001', 1, 4.5, 5, 5, 5.5, 5.5, 1, '2024-2025', 'Cần cải thiện nhiều hơn'),
(802, 'HS0090', 'GV0002', 2, 5, 5, 5, 5.5, 5, 1, '2024-2025', 'Nỗ lực hơn trong học tập'),
(803, 'HS0090', 'GV0003', 3, 5, 4.5, 5, 5, 5, 1, '2024-2025', 'Cần tập trung hơn'),
(804, 'HS0090', 'GV0004', 4, 5.5, 5, 5, 5.5, 5, 1, '2024-2025', 'Cần ôn bài và cải thiện kết quả'),
(805, 'HS0090', 'GV0001', 1, 5, 5.5, 4.5, 5, 5.5, 2, '2024-2025', 'Cần duy trì nỗ lực và cải thiện'),
(806, 'HS0090', 'GV0002', 2, 5, 5.5, 5, 5.5, 5.5, 2, '2024-2025', 'Nỗ lực hơn trong học tập'),
(807, 'HS0090', 'GV0003', 3, 4.5, 5.5, 4.5, 5, 5.5, 2, '2024-2025', 'Cần chăm chỉ hơn'),
(808, 'HS0090', 'GV0004', 4, 5, 4.5, 5, 5.5, 5, 2, '2024-2025', 'Cần nỗ lực để cải thiện kết quả'),
(809, 'HS0091', 'GV0001', 1, 8.5, 9, 8, 8.5, 9.5, 1, '2024-2025', 'Chăm chỉ, tiến bộ'),
(810, 'HS0091', 'GV0002', 2, 9, 8.5, 8.5, 9, 9.5, 1, '2024-2025', 'Ý thức học tập tốt'),
(811, 'HS0091', 'GV0003', 3, 8, 8.5, 8.5, 9, 9, 1, '2024-2025', 'Nổi bật trong môn học'),
(812, 'HS0091', 'GV0004', 4, 9.5, 9, 8.5, 9, 9.5, 1, '2024-2025', 'Thành tích tốt'),
(813, 'HS0091', 'GV0001', 1, 8, 9, 8.5, 9, 9, 2, '2024-2025', 'Chăm chỉ, tiến bộ'),
(814, 'HS0091', 'GV0002', 2, 9, 9.5, 9, 8.5, 9.5, 2, '2024-2025', 'Ý thức học tập tốt'),
(815, 'HS0091', 'GV0003', 3, 8.5, 8.5, 9, 9, 9.5, 2, '2024-2025', 'Nổi bật trong môn học'),
(816, 'HS0091', 'GV0004', 4, 9, 8.5, 8.5, 9, 9.5, 2, '2024-2025', 'Thành tích tốt'),
(817, 'HS0092', 'GV0001', 1, 8, 8.5, 8.5, 9, 9, 1, '2024-2025', 'Chăm chỉ, tiến bộ'),
(818, 'HS0092', 'GV0002', 2, 9, 9.5, 8.5, 8, 9.5, 1, '2024-2025', 'Ý thức học tập tốt'),
(819, 'HS0092', 'GV0003', 3, 8.5, 8.5, 8, 8.5, 9, 1, '2024-2025', 'Nổi bật trong môn học'),
(820, 'HS0092', 'GV0004', 4, 9, 8.5, 8.5, 9, 9.5, 1, '2024-2025', 'Thành tích tốt'),
(821, 'HS0092', 'GV0001', 1, 8.5, 9, 8, 8.5, 9.5, 2, '2024-2025', 'Chăm chỉ, tiến bộ'),
(822, 'HS0092', 'GV0002', 2, 9, 9.5, 8.5, 8.5, 9.5, 2, '2024-2025', 'Ý thức học tập tốt'),
(823, 'HS0092', 'GV0003', 3, 8.5, 8.5, 8.5, 9, 9, 2, '2024-2025', 'Nổi bật trong môn học'),
(824, 'HS0092', 'GV0004', 4, 9, 9.5, 9, 8.5, 9.5, 2, '2024-2025', 'Thành tích tốt'),
(825, 'HS0093', 'GV0001', 1, 7.5, 8, 7.5, 8, 8.5, 1, '2024-2025', 'Cần cải thiện'),
(826, 'HS0093', 'GV0002', 2, 8, 7.5, 8, 7.5, 8, 1, '2024-2025', 'Ý thức học tập tốt'),
(827, 'HS0093', 'GV0003', 3, 7.5, 8, 8, 8.5, 8.5, 1, '2024-2025', 'Nổi bật trong môn học'),
(828, 'HS0093', 'GV0004', 4, 8, 8, 7.5, 8, 8.5, 1, '2024-2025', 'Thành tích tốt'),
(829, 'HS0093', 'GV0001', 1, 8, 7.5, 7.5, 8, 8, 2, '2024-2025', 'Chăm chỉ, tiến bộ'),
(830, 'HS0093', 'GV0002', 2, 7.5, 8, 7.5, 8, 8, 2, '2024-2025', 'Ý thức học tập tốt'),
(831, 'HS0093', 'GV0003', 3, 8, 7.5, 7.5, 8, 8.5, 2, '2024-2025', 'Nổi bật trong môn học'),
(832, 'HS0093', 'GV0004', 4, 7.5, 8, 8, 7.5, 8.5, 2, '2024-2025', 'Thành tích tốt'),
(833, 'HS0094', 'GV0001', 1, 8, 8.5, 8, 8.5, 9, 1, '2024-2025', 'Chăm chỉ, tiến bộ'),
(834, 'HS0094', 'GV0002', 2, 8.5, 8, 8, 8.5, 8.5, 1, '2024-2025', 'Ý thức học tập tốt'),
(835, 'HS0094', 'GV0003', 3, 8, 8, 7.5, 8, 8.5, 1, '2024-2025', 'Thành tích tốt'),
(836, 'HS0094', 'GV0004', 4, 7.5, 8, 8, 7.5, 8, 1, '2024-2025', 'Cố gắng học tập'),
(837, 'HS0094', 'GV0001', 1, 8.5, 8, 8.5, 8, 8.5, 2, '2024-2025', 'Chăm chỉ, tiến bộ'),
(838, 'HS0094', 'GV0002', 2, 8, 8.5, 8, 7.5, 8.5, 2, '2024-2025', 'Ý thức học tập tốt'),
(839, 'HS0094', 'GV0003', 3, 8, 8, 8, 8, 8, 2, '2024-2025', 'Thành tích tốt'),
(840, 'HS0094', 'GV0004', 4, 7.5, 8, 7.5, 8, 8.5, 2, '2024-2025', 'Cố gắng học tập'),
(841, 'HS0095', 'GV0001', 1, 8, 8.5, 7.5, 8, 8, 1, '2024-2025', 'Chăm chỉ, tiến bộ'),
(842, 'HS0095', 'GV0002', 2, 8, 7.5, 8, 8, 8.5, 1, '2024-2025', 'Ý thức học tập tốt'),
(843, 'HS0095', 'GV0003', 3, 7.5, 8, 8, 7.5, 8, 1, '2024-2025', 'Thành tích tốt'),
(844, 'HS0095', 'GV0004', 4, 8, 7.5, 7.5, 8, 8.5, 1, '2024-2025', 'Cố gắng học tập'),
(845, 'HS0095', 'GV0001', 1, 8.5, 8, 7.5, 8, 8, 2, '2024-2025', 'Chăm chỉ, tiến bộ'),
(846, 'HS0095', 'GV0002', 2, 7.5, 8, 8, 7.5, 8.5, 2, '2024-2025', 'Ý thức học tập tốt'),
(847, 'HS0095', 'GV0003', 3, 8, 7.5, 8.5, 8, 8, 2, '2024-2025', 'Thành tích tốt'),
(848, 'HS0095', 'GV0004', 4, 7.5, 8, 8, 7.5, 8, 2, '2024-2025', 'Cố gắng học tập'),
(849, 'HS0096', 'GV0005', 1, 9, 9, 9.5, 9, 9.5, 1, '2024-2025', 'Tiến bộ tốt, duy trì nỗ lực'),
(850, 'HS0096', 'GV0006', 2, 9.5, 9, 9, 9, 9.5, 1, '2024-2025', 'Tiến bộ, cần tập trung hơn'),
(851, 'HS0096', 'GV0007', 3, 9, 9.5, 9, 9.5, 9, 1, '2024-2025', 'Nổi bật trong môn học'),
(852, 'HS0096', 'GV0008', 4, 9, 9, 9.5, 9, 9, 1, '2024-2025', 'Cần cải thiện sự tập trung'),
(853, 'HS0096', 'GV0005', 1, 9, 9.5, 9.5, 9, 9.5, 2, '2024-2025', 'Giữ vững phong độ tốt'),
(854, 'HS0096', 'GV0006', 2, 9, 9, 9, 9.5, 9.5, 2, '2024-2025', 'Tiến bộ rõ rệt'),
(855, 'HS0096', 'GV0007', 3, 9.5, 9, 9, 9, 9.5, 2, '2024-2025', 'Cần duy trì nỗ lực'),
(856, 'HS0096', 'GV0008', 4, 9.5, 9, 9, 9, 9, 2, '2024-2025', 'Cải thiện kết quả học tập'),
(857, 'HS0097', 'GV0005', 1, 9, 9, 9.5, 9, 9.5, 1, '2024-2025', 'Tiến bộ ổn định, cần duy trì'),
(858, 'HS0097', 'GV0006', 2, 9, 9.5, 9, 9.5, 9, 1, '2024-2025', 'Cải thiện rõ rệt'),
(859, 'HS0097', 'GV0007', 3, 9, 9.5, 9, 9, 9.5, 1, '2024-2025', 'Nổi bật trong môn học'),
(860, 'HS0097', 'GV0008', 4, 9.5, 9, 9, 9.5, 9, 1, '2024-2025', 'Cần tập trung hơn'),
(861, 'HS0097', 'GV0005', 1, 9, 9.5, 9, 9.5, 9, 2, '2024-2025', 'Tiến bộ, duy trì nỗ lực'),
(862, 'HS0097', 'GV0006', 2, 9.5, 9, 9, 9.5, 9.5, 2, '2024-2025', 'Học ổn định, cần cải thiện'),
(863, 'HS0097', 'GV0007', 3, 9.5, 9, 9.5, 9, 9, 2, '2024-2025', 'Tiềm năng, cần tập trung'),
(864, 'HS0097', 'GV0008', 4, 9, 9.5, 9, 9, 9.5, 2, '2024-2025', 'Tăng cường học tập'),
(865, 'HS0098', 'GV0005', 1, 9, 8.5, 9, 9, 9, 1, '2024-2025', 'Tiến bộ, cần cải thiện'),
(866, 'HS0098', 'GV0006', 2, 9, 9, 8.5, 9, 9.5, 1, '2024-2025', 'Cải thiện, duy trì tập trung'),
(867, 'HS0098', 'GV0007', 3, 8.5, 9, 9, 8.5, 9.5, 1, '2024-2025', 'Cần chăm chỉ hơn'),
(868, 'HS0098', 'GV0008', 4, 8.5, 8.5, 9, 9, 9, 1, '2024-2025', 'Cải thiện tổ chức thời gian'),
(869, 'HS0098', 'GV0005', 1, 9.5, 9, 9, 9, 9.5, 2, '2024-2025', 'Cần tập trung hơn'),
(870, 'HS0098', 'GV0006', 2, 9, 9.5, 9, 9.5, 9, 2, '2024-2025', 'Cần chăm chỉ hơn'),
(871, 'HS0098', 'GV0007', 3, 9, 9.5, 9.5, 9, 9, 2, '2024-2025', 'Ổn định, cần duy trì'),
(872, 'HS0098', 'GV0008', 4, 9.5, 9, 9, 9, 9.5, 2, '2024-2025', 'Cải thiện kỹ năng học tập'),
(873, 'HS0099', 'GV0005', 1, 8.5, 9, 9, 8.5, 9.5, 1, '2024-2025', 'Cần cải thiện tự học'),
(874, 'HS0099', 'GV0006', 2, 9, 8.5, 9.5, 9, 9, 1, '2024-2025', 'Tiến bộ, cần nỗ lực hơn'),
(875, 'HS0099', 'GV0007', 3, 8.5, 9, 9, 8.5, 9.5, 1, '2024-2025', 'Cần tập trung hơn'),
(876, 'HS0099', 'GV0008', 4, 9, 8.5, 9, 9.5, 9, 1, '2024-2025', 'Cải thiện kỹ năng làm bài thi'),
(877, 'HS0099', 'GV0005', 1, 8.5, 9, 9.5, 8.5, 9, 2, '2024-2025', 'Cần cố gắng hơn'),
(878, 'HS0099', 'GV0006', 2, 9, 9, 8.5, 9.5, 9, 2, '2024-2025', 'Duy trì tập trung'),
(879, 'HS0099', 'GV0007', 3, 8.5, 9.5, 8.5, 9, 9.5, 2, '2024-2025', 'Cần chủ động hơn'),
(880, 'HS0099', 'GV0008', 4, 9, 9, 9, 9.5, 9, 2, '2024-2025', 'Cải thiện tự học và quản lý thời gian'),
(881, 'HS0100', 'GV0005', 1, 8, 8.5, 8.5, 8, 9, 1, '2024-2025', 'Cần nỗ lực cải thiện'),
(882, 'HS0100', 'GV0006', 2, 8.5, 8, 8.5, 8, 9, 1, '2024-2025', 'Tiến bộ, cần duy trì'),
(883, 'HS0100', 'GV0007', 3, 8, 8, 8, 8.5, 9, 1, '2024-2025', 'Cần cải thiện kỹ năng làm bài'),
(884, 'HS0100', 'GV0008', 4, 8.5, 8, 8.5, 8, 8.5, 1, '2024-2025', 'Cần chăm chỉ hơn'),
(885, 'HS0100', 'GV0005', 1, 8, 8.5, 8.5, 8, 9, 2, '2024-2025', 'Cần tập trung hơn'),
(886, 'HS0100', 'GV0006', 2, 8.5, 8, 8.5, 8, 9, 2, '2024-2025', 'Cần duy trì cố gắng'),
(887, 'HS0100', 'GV0007', 3, 8, 8, 8.5, 8, 8.5, 2, '2024-2025', 'Cải thiện làm bài kiểm tra'),
(888, 'HS0100', 'GV0008', 4, 8.5, 8, 8.5, 8, 8.5, 2, '2024-2025', 'Cần chủ động hơn'),
(889, 'HS0101', 'GV0005', 1, 8, 8.5, 8, 8, 8.5, 1, '2024-2025', 'Cần cố gắng duy trì kết quả ổn định'),
(890, 'HS0101', 'GV0006', 2, 8.5, 8, 8.5, 8, 8.5, 1, '2024-2025', 'Tiến bộ tốt, cần tập trung hơn'),
(891, 'HS0101', 'GV0007', 3, 8, 8.5, 8, 8, 8.5, 1, '2024-2025', 'Cần cải thiện kỹ năng giải bài tập'),
(892, 'HS0101', 'GV0008', 4, 8.5, 8, 8, 8.5, 8, 1, '2024-2025', 'Cần cải thiện kết quả bài kiểm tra'),
(893, 'HS0101', 'GV0005', 1, 8, 8.5, 8.5, 8, 8.5, 2, '2024-2025', 'Cần duy trì sự tập trung'),
(894, 'HS0101', 'GV0006', 2, 8.5, 8, 8, 8.5, 8, 2, '2024-2025', 'Cải thiện tự học và tổ chức bài vở'),
(895, 'HS0101', 'GV0007', 3, 8.5, 8, 8, 8.5, 8, 2, '2024-2025', 'Cần làm bài kiểm tra tốt hơn'),
(896, 'HS0101', 'GV0008', 4, 8, 8, 8.5, 8, 8.5, 2, '2024-2025', 'Cần nỗ lực hơn trong việc cải thiện bài kiểm tra'),
(897, 'HS0102', 'GV0005', 1, 7, 7.5, 7, 7, 7.5, 1, '2024-2025', 'Cần cải thiện và chăm chỉ hơn'),
(898, 'HS0102', 'GV0006', 2, 7.5, 7.5, 7, 7.5, 8, 1, '2024-2025', 'Tiến bộ, cần duy trì nỗ lực'),
(899, 'HS0102', 'GV0007', 3, 7.5, 7.5, 7, 7.5, 7.5, 1, '2024-2025', 'Cần cải thiện kỹ năng giải bài tập'),
(900, 'HS0102', 'GV0008', 4, 7.5, 7.5, 7.5, 7.5, 8, 1, '2024-2025', 'Cần cải thiện kết quả thi'),
(901, 'HS0102', 'GV0005', 1, 7.5, 7, 7, 7, 7.5, 2, '2024-2025', 'Nỗ lực hơn trong học tập'),
(902, 'HS0102', 'GV0006', 2, 7.5, 7.5, 7, 7.5, 7.5, 2, '2024-2025', 'Duy trì sự cố gắng'),
(903, 'HS0102', 'GV0007', 3, 7, 7.5, 7.5, 7, 7.5, 2, '2024-2025', 'Cần cải thiện tổ chức thời gian'),
(904, 'HS0102', 'GV0008', 4, 7.5, 7.5, 7.5, 7.5, 8, 2, '2024-2025', 'Cải thiện phương pháp học tập'),
(905, 'HS0103', 'GV0005', 1, 7, 7.5, 7, 7, 7.5, 1, '2024-2025', 'Cần cải thiện nỗ lực học tập'),
(906, 'HS0103', 'GV0006', 2, 7.5, 7, 7, 7.5, 7.5, 1, '2024-2025', 'Cải thiện kỹ năng cần thiết'),
(907, 'HS0103', 'GV0007', 3, 7, 7.5, 7, 7.5, 7.5, 1, '2024-2025', 'Cần cải thiện kỹ năng giải bài tập'),
(908, 'HS0103', 'GV0008', 4, 7, 7, 7, 7.5, 7.5, 1, '2024-2025', 'Cần chủ động hơn trong học tập'),
(909, 'HS0103', 'GV0005', 1, 7, 7, 7, 7.5, 7, 2, '2024-2025', 'Cải thiện kết quả học tập'),
(910, 'HS0103', 'GV0006', 2, 7.5, 7, 7, 7.5, 7.5, 2, '2024-2025', 'Tiến bộ, nhưng cần cải thiện hơn'),
(911, 'HS0103', 'GV0007', 3, 7, 7.5, 7.5, 7, 7.5, 2, '2024-2025', 'Cần nỗ lực hơn nữa'),
(912, 'HS0103', 'GV0008', 4, 7, 7.5, 7, 7, 7.5, 2, '2024-2025', 'Cần tập trung và nỗ lực hơn'),
(913, 'HS0104', 'GV0005', 1, 6, 6, 6, 6, 6.5, 1, '2024-2025', 'Cần ôn tập nhiều hơn'),
(914, 'HS0104', 'GV0006', 2, 6, 6, 6.5, 6, 6.5, 1, '2024-2025', 'Duy trì nỗ lực học'),
(915, 'HS0104', 'GV0007', 3, 6, 6, 6.5, 6, 6, 1, '2024-2025', 'Cần cải thiện kỹ năng làm bài'),
(916, 'HS0104', 'GV0008', 4, 6.5, 6, 6, 6, 6.5, 1, '2024-2025', 'Cải thiện phương pháp học'),
(917, 'HS0104', 'GV0005', 1, 6.5, 6, 6.5, 6, 6.5, 2, '2024-2025', 'Duy trì cố gắng'),
(918, 'HS0104', 'GV0006', 2, 6, 6.5, 6, 6.5, 6.5, 2, '2024-2025', 'Tập trung ôn luyện'),
(919, 'HS0104', 'GV0007', 3, 6, 6.5, 6, 6, 6.5, 2, '2024-2025', 'Ôn tập chăm chỉ hơn'),
(920, 'HS0104', 'GV0008', 4, 6.5, 6, 6.5, 6, 6, 2, '2024-2025', 'Ôn bài kĩ hơn'),
(921, 'HS0105', 'GV0005', 1, 4.5, 5, 5.5, 5, 5.5, 1, '2024-2025', 'Cần cải thiện nhiều hơn'),
(922, 'HS0105', 'GV0006', 2, 5, 5, 5, 5.5, 5, 1, '2024-2025', 'Nỗ lực hơn trong học tập'),
(923, 'HS0105', 'GV0007', 3, 5, 4.5, 5, 5, 5, 1, '2024-2025', 'Cần tập trung hơn'),
(924, 'HS0105', 'GV0008', 4, 5.5, 5, 5, 5.5, 5, 1, '2024-2025', 'Cần ôn bài và cải thiện kết quả'),
(925, 'HS0105', 'GV0005', 1, 6, 5.5, 6, 5.5, 6, 2, '2024-2025', 'Duy trì nỗ lực và cải thiện'),
(926, 'HS0105', 'GV0006', 2, 6, 6, 6, 6.5, 6, 2, '2024-2025', 'Nỗ lực hơn trong học tập'),
(927, 'HS0105', 'GV0007', 3, 6.5, 6, 6, 6, 6.5, 2, '2024-2025', 'Cần chăm chỉ hơn'),
(928, 'HS0105', 'GV0008', 4, 6.5, 6, 6, 6.5, 6, 2, '2024-2025', 'Cần nỗ lực để cải thiện kết quả'),
(929, 'HS0106', 'GV0005', 1, 9, 9, 9.5, 9, 9.5, 1, '2024-2025', 'Tiến bộ tốt, duy trì nỗ lực'),
(930, 'HS0106', 'GV0006', 2, 9.5, 9, 9, 9, 9.5, 1, '2024-2025', 'Tiến bộ, cần tập trung hơn'),
(931, 'HS0106', 'GV0007', 3, 9, 9.5, 9, 9.5, 9, 1, '2024-2025', 'Nổi bật trong môn học'),
(932, 'HS0106', 'GV0008', 4, 9, 9, 9.5, 9, 9, 1, '2024-2025', 'Cần cải thiện sự tập trung'),
(933, 'HS0106', 'GV0005', 1, 9, 9.5, 9.5, 9, 9.5, 2, '2024-2025', 'Giữ vững phong độ tốt'),
(934, 'HS0106', 'GV0006', 2, 9, 9, 9, 9.5, 9.5, 2, '2024-2025', 'Tiến bộ rõ rệt'),
(935, 'HS0106', 'GV0007', 3, 9.5, 9, 9, 9, 9.5, 2, '2024-2025', 'Cần duy trì nỗ lực'),
(936, 'HS0106', 'GV0008', 4, 9.5, 9, 9, 9, 9, 2, '2024-2025', 'Cải thiện kết quả học tập'),
(937, 'HS0107', 'GV0005', 1, 9, 9, 9.5, 9, 9.5, 1, '2024-2025', 'Tiến bộ ổn định, cần duy trì'),
(938, 'HS0107', 'GV0006', 2, 9, 9.5, 9, 9.5, 9, 1, '2024-2025', 'Cải thiện rõ rệt'),
(939, 'HS0107', 'GV0007', 3, 9, 9.5, 9, 9, 9.5, 1, '2024-2025', 'Nổi bật trong môn học'),
(940, 'HS0107', 'GV0008', 4, 9.5, 9, 9, 9.5, 9, 1, '2024-2025', 'Cần tập trung hơn'),
(941, 'HS0107', 'GV0005', 1, 9, 9.5, 9, 9.5, 9, 2, '2024-2025', 'Tiến bộ, duy trì nỗ lực'),
(942, 'HS0107', 'GV0006', 2, 9.5, 9, 9, 9.5, 9.5, 2, '2024-2025', 'Học ổn định, cần cải thiện'),
(943, 'HS0107', 'GV0007', 3, 9.5, 9, 9.5, 9, 9, 2, '2024-2025', 'Tiềm năng, cần tập trung'),
(944, 'HS0107', 'GV0008', 4, 9, 9.5, 9, 9, 9.5, 2, '2024-2025', 'Tăng cường học tập'),
(945, 'HS0108', 'GV0005', 1, 9, 8.5, 9, 9, 9, 1, '2024-2025', 'Tiến bộ, cần cải thiện'),
(946, 'HS0108', 'GV0006', 2, 9, 9, 8.5, 9, 9.5, 1, '2024-2025', 'Cải thiện, duy trì tập trung'),
(947, 'HS0108', 'GV0007', 3, 8.5, 9, 9, 8.5, 9.5, 1, '2024-2025', 'Cần chăm chỉ hơn'),
(948, 'HS0108', 'GV0008', 4, 8.5, 8.5, 9, 9, 9, 1, '2024-2025', 'Cải thiện tổ chức thời gian'),
(949, 'HS0108', 'GV0005', 1, 9.5, 9, 9, 9, 9.5, 2, '2024-2025', 'Cần tập trung hơn'),
(950, 'HS0108', 'GV0006', 2, 9, 9.5, 9, 9.5, 9, 2, '2024-2025', 'Cần chăm chỉ hơn'),
(951, 'HS0108', 'GV0007', 3, 9, 9.5, 9.5, 9, 9, 2, '2024-2025', 'Ổn định, cần duy trì'),
(952, 'HS0108', 'GV0008', 4, 9.5, 9, 9, 9, 9.5, 2, '2024-2025', 'Cải thiện kỹ năng học tập'),
(953, 'HS0109', 'GV0005', 1, 8.5, 9, 9, 8.5, 9.5, 1, '2024-2025', 'Cần cải thiện tự học'),
(954, 'HS0109', 'GV0006', 2, 9, 8.5, 9.5, 9, 9, 1, '2024-2025', 'Tiến bộ, cần nỗ lực hơn'),
(955, 'HS0109', 'GV0007', 3, 8.5, 9, 9, 8.5, 9.5, 1, '2024-2025', 'Cần tập trung hơn'),
(956, 'HS0109', 'GV0008', 4, 9, 8.5, 9, 9.5, 9, 1, '2024-2025', 'Cải thiện kỹ năng làm bài thi'),
(957, 'HS0109', 'GV0005', 1, 8.5, 9, 9.5, 8.5, 9, 2, '2024-2025', 'Cần cố gắng hơn'),
(958, 'HS0109', 'GV0006', 2, 9, 9, 8.5, 9.5, 9, 2, '2024-2025', 'Duy trì tập trung'),
(959, 'HS0109', 'GV0007', 3, 8.5, 9.5, 8.5, 9, 9.5, 2, '2024-2025', 'Cần chủ động hơn'),
(960, 'HS0109', 'GV0008', 4, 9, 9, 9, 9.5, 9, 2, '2024-2025', 'Cải thiện tự học và quản lý thời gian'),
(961, 'HS0110', 'GV0005', 1, 8, 8.5, 8.5, 8, 9, 1, '2024-2025', 'Cần nỗ lực cải thiện'),
(962, 'HS0110', 'GV0006', 2, 8.5, 8, 8.5, 8, 9, 1, '2024-2025', 'Tiến bộ, cần duy trì'),
(963, 'HS0110', 'GV0007', 3, 8, 8, 8, 8.5, 9, 1, '2024-2025', 'Cần cải thiện kỹ năng làm bài'),
(964, 'HS0110', 'GV0008', 4, 8.5, 8, 8.5, 8, 8.5, 1, '2024-2025', 'Cần chăm chỉ hơn'),
(965, 'HS0110', 'GV0005', 1, 8, 8.5, 8.5, 8, 9, 2, '2024-2025', 'Cần tập trung hơn'),
(966, 'HS0110', 'GV0006', 2, 8.5, 8, 8.5, 8, 9, 2, '2024-2025', 'Cần duy trì cố gắng'),
(967, 'HS0110', 'GV0007', 3, 8, 8, 8.5, 8, 8.5, 2, '2024-2025', 'Cải thiện làm bài kiểm tra'),
(968, 'HS0110', 'GV0008', 4, 8.5, 8, 8.5, 8, 8.5, 2, '2024-2025', 'Cần chủ động hơn'),
(969, 'HS0111', 'GV0005', 1, 8, 8.5, 8, 8, 8.5, 1, '2024-2025', 'Cần cố gắng duy trì kết quả ổn định'),
(970, 'HS0111', 'GV0006', 2, 8.5, 8, 8.5, 8, 8.5, 1, '2024-2025', 'Tiến bộ tốt, cần tập trung hơn'),
(971, 'HS0111', 'GV0007', 3, 8, 8.5, 8, 8, 8.5, 1, '2024-2025', 'Cần cải thiện kỹ năng giải bài tập'),
(972, 'HS0111', 'GV0008', 4, 8.5, 8, 8, 8.5, 8, 1, '2024-2025', 'Cần cải thiện kết quả bài kiểm tra'),
(973, 'HS0111', 'GV0005', 1, 8, 8.5, 8.5, 8, 8.5, 2, '2024-2025', 'Cần duy trì sự tập trung'),
(974, 'HS0111', 'GV0006', 2, 8.5, 8, 8, 8.5, 8, 2, '2024-2025', 'Cải thiện tự học và tổ chức bài vở'),
(975, 'HS0111', 'GV0007', 3, 8.5, 8, 8, 8.5, 8, 2, '2024-2025', 'Cần làm bài kiểm tra tốt hơn'),
(976, 'HS0111', 'GV0008', 4, 8, 8, 8.5, 8, 8.5, 2, '2024-2025', 'Cần nỗ lực hơn trong việc cải thiện bài kiểm tra'),
(977, 'HS0112', 'GV0005', 1, 7, 7.5, 7, 7, 7.5, 1, '2024-2025', 'Cần cải thiện và chăm chỉ hơn'),
(978, 'HS0112', 'GV0006', 2, 7.5, 7.5, 7, 7.5, 8, 1, '2024-2025', 'Tiến bộ, cần duy trì nỗ lực'),
(979, 'HS0112', 'GV0007', 3, 7.5, 7.5, 7, 7.5, 7.5, 1, '2024-2025', 'Cần cải thiện kỹ năng giải bài tập'),
(980, 'HS0112', 'GV0008', 4, 7.5, 7.5, 7.5, 7.5, 8, 1, '2024-2025', 'Cần cải thiện kết quả thi'),
(981, 'HS0112', 'GV0005', 1, 7.5, 7, 7, 7, 7.5, 2, '2024-2025', 'Nỗ lực hơn trong học tập'),
(982, 'HS0112', 'GV0006', 2, 7.5, 7.5, 7, 7.5, 7.5, 2, '2024-2025', 'Duy trì sự cố gắng'),
(983, 'HS0112', 'GV0007', 3, 7, 7.5, 7.5, 7, 7.5, 2, '2024-2025', 'Cần cải thiện tổ chức thời gian'),
(984, 'HS0112', 'GV0008', 4, 7.5, 7.5, 7.5, 7.5, 8, 2, '2024-2025', 'Cải thiện phương pháp học tập'),
(985, 'HS0113', 'GV0005', 1, 7, 7.5, 7, 7, 7.5, 1, '2024-2025', 'Cần cải thiện nỗ lực học tập'),
(986, 'HS0113', 'GV0006', 2, 7.5, 7, 7, 7.5, 7.5, 1, '2024-2025', 'Cải thiện kỹ năng cần thiết'),
(987, 'HS0113', 'GV0007', 3, 7, 7.5, 7, 7.5, 7.5, 1, '2024-2025', 'Cần cải thiện kỹ năng giải bài tập'),
(988, 'HS0113', 'GV0008', 4, 7, 7, 7, 7.5, 7.5, 1, '2024-2025', 'Cần chủ động hơn trong học tập'),
(989, 'HS0113', 'GV0005', 1, 7, 7, 7, 7.5, 7, 2, '2024-2025', 'Cải thiện kết quả học tập'),
(990, 'HS0113', 'GV0006', 2, 7.5, 7, 7, 7.5, 7.5, 2, '2024-2025', 'Tiến bộ, nhưng cần cải thiện hơn'),
(991, 'HS0113', 'GV0007', 3, 7, 7.5, 7.5, 7, 7.5, 2, '2024-2025', 'Cần nỗ lực hơn nữa'),
(992, 'HS0113', 'GV0008', 4, 7, 7.5, 7, 7, 7.5, 2, '2024-2025', 'Cần tập trung và nỗ lực hơn'),
(993, 'HS0114', 'GV0005', 1, 6, 6, 6, 6, 6.5, 1, '2024-2025', 'Cần ôn tập nhiều hơn'),
(994, 'HS0114', 'GV0006', 2, 6, 6, 6.5, 6, 6.5, 1, '2024-2025', 'Duy trì nỗ lực học'),
(995, 'HS0114', 'GV0007', 3, 6, 6, 6.5, 6, 6, 1, '2024-2025', 'Cần cải thiện kỹ năng làm bài'),
(996, 'HS0114', 'GV0008', 4, 6.5, 6, 6, 6, 6.5, 1, '2024-2025', 'Cải thiện phương pháp học'),
(997, 'HS0114', 'GV0005', 1, 6.5, 6, 6.5, 6, 6.5, 2, '2024-2025', 'Duy trì cố gắng'),
(998, 'HS0114', 'GV0006', 2, 6, 6.5, 6, 6.5, 6.5, 2, '2024-2025', 'Tập trung ôn luyện'),
(999, 'HS0114', 'GV0007', 3, 6, 6.5, 6, 6, 6.5, 2, '2024-2025', 'Ôn tập chăm chỉ hơn'),
(1000, 'HS0114', 'GV0008', 4, 6.5, 6, 6.5, 6, 6, 2, '2024-2025', 'Ôn bài kĩ hơn'),
(1001, 'HS0115', 'GV0005', 1, 4.5, 5, 5.5, 5, 5.5, 1, '2024-2025', 'Cần cải thiện nhiều hơn'),
(1002, 'HS0115', 'GV0006', 2, 5, 5, 5, 5.5, 5, 1, '2024-2025', 'Nỗ lực hơn trong học tập'),
(1003, 'HS0115', 'GV0007', 3, 5, 4.5, 5, 5, 5, 1, '2024-2025', 'Cần tập trung hơn'),
(1004, 'HS0115', 'GV0008', 4, 5.5, 5, 5, 5.5, 5, 1, '2024-2025', 'Cần ôn bài và cải thiện kết quả'),
(1005, 'HS0115', 'GV0005', 1, 6, 5.5, 6, 5.5, 6, 2, '2024-2025', 'Duy trì nỗ lực và cải thiện'),
(1006, 'HS0115', 'GV0006', 2, 6, 6, 6, 6.5, 6, 2, '2024-2025', 'Nỗ lực hơn trong học tập'),
(1007, 'HS0115', 'GV0007', 3, 6.5, 6, 6, 6, 6.5, 2, '2024-2025', 'Cần chăm chỉ hơn'),
(1008, 'HS0115', 'GV0008', 4, 6.5, 6, 6, 6.5, 6, 2, '2024-2025', 'Cần nỗ lực để cải thiện kết quả'),
(1009, 'HS0116', 'GV0005', 1, 9, 9, 9.5, 9, 9.5, 1, '2024-2025', 'Tiến bộ tốt, duy trì nỗ lực'),
(1010, 'HS0116', 'GV0006', 2, 9.5, 9, 9, 9, 9.5, 1, '2024-2025', 'Tiến bộ, cần tập trung hơn'),
(1011, 'HS0116', 'GV0007', 3, 9, 9.5, 9, 9.5, 9, 1, '2024-2025', 'Nổi bật trong môn học'),
(1012, 'HS0116', 'GV0008', 4, 9, 9, 9.5, 9, 9, 1, '2024-2025', 'Cần cải thiện sự tập trung'),
(1013, 'HS0116', 'GV0005', 1, 9, 9.5, 9.5, 9, 9.5, 2, '2024-2025', 'Giữ vững phong độ tốt'),
(1014, 'HS0116', 'GV0006', 2, 9, 9, 9, 9.5, 9.5, 2, '2024-2025', 'Tiến bộ rõ rệt'),
(1015, 'HS0116', 'GV0007', 3, 9.5, 9, 9, 9, 9.5, 2, '2024-2025', 'Cần duy trì nỗ lực'),
(1016, 'HS0116', 'GV0008', 4, 9.5, 9, 9, 9, 9, 2, '2024-2025', 'Cải thiện kết quả học tập'),
(1017, 'HS0117', 'GV0005', 1, 9, 9, 9.5, 9, 9.5, 1, '2024-2025', 'Tiến bộ ổn định, cần duy trì'),
(1018, 'HS0117', 'GV0006', 2, 9, 9.5, 9, 9.5, 9, 1, '2024-2025', 'Cải thiện rõ rệt'),
(1019, 'HS0117', 'GV0007', 3, 9, 9.5, 9, 9, 9.5, 1, '2024-2025', 'Nổi bật trong môn học'),
(1020, 'HS0117', 'GV0008', 4, 9.5, 9, 9, 9.5, 9, 1, '2024-2025', 'Cần tập trung hơn'),
(1021, 'HS0117', 'GV0005', 1, 9, 9.5, 9, 9.5, 9, 2, '2024-2025', 'Tiến bộ, duy trì nỗ lực'),
(1022, 'HS0117', 'GV0006', 2, 9.5, 9, 9, 9.5, 9.5, 2, '2024-2025', 'Học ổn định, cần cải thiện'),
(1023, 'HS0117', 'GV0007', 3, 9.5, 9, 9.5, 9, 9, 2, '2024-2025', 'Tiềm năng, cần tập trung'),
(1024, 'HS0117', 'GV0008', 4, 9, 9.5, 9, 9, 9.5, 2, '2024-2025', 'Tăng cường học tập'),
(1025, 'HS0118', 'GV0005', 1, 9, 8.5, 9, 9, 9, 1, '2024-2025', 'Tiến bộ, cần cải thiện'),
(1026, 'HS0118', 'GV0006', 2, 9, 9, 8.5, 9, 9.5, 1, '2024-2025', 'Cải thiện, duy trì tập trung'),
(1027, 'HS0118', 'GV0007', 3, 8.5, 9, 9, 8.5, 9.5, 1, '2024-2025', 'Cần chăm chỉ hơn'),
(1028, 'HS0118', 'GV0008', 4, 8.5, 8.5, 9, 9, 9, 1, '2024-2025', 'Cải thiện tổ chức thời gian'),
(1029, 'HS0118', 'GV0005', 1, 9.5, 9, 9, 9, 9.5, 2, '2024-2025', 'Cần tập trung hơn'),
(1030, 'HS0118', 'GV0006', 2, 9, 9.5, 9, 9.5, 9, 2, '2024-2025', 'Cần chăm chỉ hơn'),
(1031, 'HS0118', 'GV0007', 3, 9, 9.5, 9.5, 9, 9, 2, '2024-2025', 'Ổn định, cần duy trì'),
(1032, 'HS0118', 'GV0008', 4, 9.5, 9, 9, 9, 9.5, 2, '2024-2025', 'Cải thiện kỹ năng học tập'),
(1033, 'HS0119', 'GV0005', 1, 8.5, 9, 9, 8.5, 9.5, 1, '2024-2025', 'Cần cải thiện tự học'),
(1034, 'HS0119', 'GV0006', 2, 9, 8.5, 9.5, 9, 9, 1, '2024-2025', 'Tiến bộ, cần nỗ lực hơn'),
(1035, 'HS0119', 'GV0007', 3, 8.5, 9, 9, 8.5, 9.5, 1, '2024-2025', 'Cần tập trung hơn'),
(1036, 'HS0119', 'GV0008', 4, 9, 8.5, 9, 9.5, 9, 1, '2024-2025', 'Cải thiện kỹ năng làm bài thi'),
(1037, 'HS0119', 'GV0005', 1, 8.5, 9, 9.5, 8.5, 9, 2, '2024-2025', 'Cần cố gắng hơn'),
(1038, 'HS0119', 'GV0006', 2, 9, 9, 8.5, 9.5, 9, 2, '2024-2025', 'Duy trì tập trung'),
(1039, 'HS0119', 'GV0007', 3, 8.5, 9.5, 8.5, 9, 9.5, 2, '2024-2025', 'Cần chủ động hơn'),
(1040, 'HS0119', 'GV0008', 4, 9, 9, 9, 9.5, 9, 2, '2024-2025', 'Cải thiện tự học và quản lý thời gian'),
(1041, 'HS0120', 'GV0005', 1, 8, 8.5, 8.5, 8, 9, 1, '2024-2025', 'Cần nỗ lực cải thiện'),
(1042, 'HS0120', 'GV0006', 2, 8.5, 8, 8.5, 8, 9, 1, '2024-2025', 'Tiến bộ, cần duy trì'),
(1043, 'HS0120', 'GV0007', 3, 8, 8, 8, 8.5, 9, 1, '2024-2025', 'Cần cải thiện kỹ năng làm bài'),
(1044, 'HS0120', 'GV0008', 4, 8.5, 8, 8.5, 8, 8.5, 1, '2024-2025', 'Cần chăm chỉ hơn'),
(1045, 'HS0120', 'GV0005', 1, 8, 8.5, 8.5, 8, 9, 2, '2024-2025', 'Cần tập trung hơn'),
(1046, 'HS0120', 'GV0006', 2, 8.5, 8, 8.5, 8, 9, 2, '2024-2025', 'Cần duy trì cố gắng'),
(1047, 'HS0120', 'GV0007', 3, 8, 8, 8.5, 8, 8.5, 2, '2024-2025', 'Cải thiện làm bài kiểm tra'),
(1048, 'HS0120', 'GV0008', 4, 8.5, 8, 8.5, 8, 8.5, 2, '2024-2025', 'Cần chủ động hơn'),
(1049, 'HS0121', 'GV0005', 1, 8, 8.5, 8, 8, 8.5, 1, '2024-2025', 'Cần cố gắng duy trì kết quả ổn định'),
(1050, 'HS0121', 'GV0006', 2, 8.5, 8, 8.5, 8, 8.5, 1, '2024-2025', 'Tiến bộ tốt, cần tập trung hơn'),
(1051, 'HS0121', 'GV0007', 3, 8, 8.5, 8, 8, 8.5, 1, '2024-2025', 'Cần cải thiện kỹ năng giải bài tập'),
(1052, 'HS0121', 'GV0008', 4, 8.5, 8, 8, 8.5, 8, 1, '2024-2025', 'Cần cải thiện kết quả bài kiểm tra'),
(1053, 'HS0121', 'GV0005', 1, 8, 8.5, 8.5, 8, 8.5, 2, '2024-2025', 'Cần duy trì sự tập trung'),
(1054, 'HS0121', 'GV0006', 2, 8.5, 8, 8, 8.5, 8, 2, '2024-2025', 'Cải thiện tự học và tổ chức bài vở'),
(1055, 'HS0121', 'GV0007', 3, 8.5, 8, 8, 8.5, 8, 2, '2024-2025', 'Cần làm bài kiểm tra tốt hơn'),
(1056, 'HS0121', 'GV0008', 4, 8, 8, 8.5, 8, 8.5, 2, '2024-2025', 'Cần nỗ lực hơn trong việc cải thiện bài kiểm tra'),
(1057, 'HS0122', 'GV0005', 1, 7, 7.5, 7, 7, 7.5, 1, '2024-2025', 'Cần cải thiện và chăm chỉ hơn'),
(1058, 'HS0122', 'GV0006', 2, 7.5, 7.5, 7, 7.5, 8, 1, '2024-2025', 'Tiến bộ, cần duy trì nỗ lực'),
(1059, 'HS0122', 'GV0007', 3, 7.5, 7.5, 7, 7.5, 7.5, 1, '2024-2025', 'Cần cải thiện kỹ năng giải bài tập'),
(1060, 'HS0122', 'GV0008', 4, 7.5, 7.5, 7.5, 7.5, 8, 1, '2024-2025', 'Cần cải thiện kết quả thi'),
(1061, 'HS0122', 'GV0005', 1, 7.5, 7, 7, 7, 7.5, 2, '2024-2025', 'Nỗ lực hơn trong học tập'),
(1062, 'HS0122', 'GV0006', 2, 7.5, 7.5, 7, 7.5, 7.5, 2, '2024-2025', 'Duy trì sự cố gắng'),
(1063, 'HS0122', 'GV0007', 3, 7, 7.5, 7.5, 7, 7.5, 2, '2024-2025', 'Cần cải thiện tổ chức thời gian'),
(1064, 'HS0122', 'GV0008', 4, 7.5, 7.5, 7.5, 7.5, 8, 2, '2024-2025', 'Cải thiện phương pháp học tập'),
(1065, 'HS0123', 'GV0005', 1, 7, 7.5, 7, 7, 7.5, 1, '2024-2025', 'Cần cải thiện nỗ lực học tập'),
(1066, 'HS0123', 'GV0006', 2, 7.5, 7, 7, 7.5, 7.5, 1, '2024-2025', 'Cải thiện kỹ năng cần thiết'),
(1067, 'HS0123', 'GV0007', 3, 7, 7.5, 7, 7.5, 7.5, 1, '2024-2025', 'Cần cải thiện kỹ năng giải bài tập'),
(1068, 'HS0123', 'GV0008', 4, 7, 7, 7, 7.5, 7.5, 1, '2024-2025', 'Cần chủ động hơn trong học tập'),
(1069, 'HS0123', 'GV0005', 1, 7, 7, 7, 7.5, 7, 2, '2024-2025', 'Cải thiện kết quả học tập'),
(1070, 'HS0123', 'GV0006', 2, 7.5, 7, 7, 7.5, 7.5, 2, '2024-2025', 'Tiến bộ, nhưng cần cải thiện hơn'),
(1071, 'HS0123', 'GV0007', 3, 7, 7.5, 7.5, 7, 7.5, 2, '2024-2025', 'Cần nỗ lực hơn nữa'),
(1072, 'HS0123', 'GV0008', 4, 7, 7.5, 7, 7, 7.5, 2, '2024-2025', 'Cần tập trung và nỗ lực hơn'),
(1073, 'HS0124', 'GV0005', 1, 6, 6, 6, 6, 6.5, 1, '2024-2025', 'Cần ôn tập nhiều hơn'),
(1074, 'HS0124', 'GV0006', 2, 6, 6, 6.5, 6, 6.5, 1, '2024-2025', 'Duy trì nỗ lực học'),
(1075, 'HS0124', 'GV0007', 3, 6, 6, 6.5, 6, 6, 1, '2024-2025', 'Cần cải thiện kỹ năng làm bài'),
(1076, 'HS0124', 'GV0008', 4, 6.5, 6, 6, 6, 6.5, 1, '2024-2025', 'Cải thiện phương pháp học'),
(1077, 'HS0124', 'GV0005', 1, 6.5, 6, 6.5, 6, 6.5, 2, '2024-2025', 'Duy trì cố gắng'),
(1078, 'HS0124', 'GV0006', 2, 6, 6.5, 6, 6.5, 6.5, 2, '2024-2025', 'Tập trung ôn luyện'),
(1079, 'HS0124', 'GV0007', 3, 6, 6.5, 6, 6, 6.5, 2, '2024-2025', 'Ôn tập chăm chỉ hơn'),
(1080, 'HS0124', 'GV0008', 4, 6.5, 6, 6.5, 6, 6, 2, '2024-2025', 'Ôn bài kĩ hơn'),
(1081, 'HS0125', 'GV0005', 1, 4.5, 5, 5.5, 5, 5.5, 1, '2024-2025', 'Cần cải thiện nhiều hơn'),
(1082, 'HS0125', 'GV0006', 2, 5, 5, 5, 5.5, 5, 1, '2024-2025', 'Nỗ lực hơn trong học tập'),
(1083, 'HS0125', 'GV0007', 3, 5, 4.5, 5, 5, 5, 1, '2024-2025', 'Cần tập trung hơn'),
(1084, 'HS0125', 'GV0008', 4, 5.5, 5, 5, 5.5, 5, 1, '2024-2025', 'Cần ôn bài và cải thiện kết quả'),
(1085, 'HS0125', 'GV0005', 1, 6, 5.5, 6, 5.5, 6, 2, '2024-2025', 'Duy trì nỗ lực và cải thiện'),
(1086, 'HS0125', 'GV0006', 2, 6, 6, 6, 6.5, 6, 2, '2024-2025', 'Nỗ lực hơn trong học tập'),
(1087, 'HS0125', 'GV0007', 3, 6.5, 6, 6, 6, 6.5, 2, '2024-2025', 'Cần chăm chỉ hơn'),
(1088, 'HS0125', 'GV0008', 4, 6.5, 6, 6, 6.5, 6, 2, '2024-2025', 'Cần nỗ lực để cải thiện kết quả'),
(1089, 'HS0126', 'GV0005', 1, 9, 9, 9.5, 9, 9.5, 1, '2024-2025', 'Tiến bộ tốt, duy trì nỗ lực'),
(1090, 'HS0126', 'GV0006', 2, 9.5, 9, 9, 9, 9.5, 1, '2024-2025', 'Tiến bộ, cần tập trung hơn'),
(1091, 'HS0126', 'GV0007', 3, 9, 9.5, 9, 9.5, 9, 1, '2024-2025', 'Nổi bật trong môn học'),
(1092, 'HS0126', 'GV0008', 4, 9, 9, 9.5, 9, 9, 1, '2024-2025', 'Cần cải thiện sự tập trung'),
(1093, 'HS0126', 'GV0005', 1, 9, 9.5, 9.5, 9, 9.5, 2, '2024-2025', 'Giữ vững phong độ tốt'),
(1094, 'HS0126', 'GV0006', 2, 9, 9, 9, 9.5, 9.5, 2, '2024-2025', 'Tiến bộ rõ rệt'),
(1095, 'HS0126', 'GV0007', 3, 9.5, 9, 9, 9, 9.5, 2, '2024-2025', 'Cần duy trì nỗ lực'),
(1096, 'HS0126', 'GV0008', 4, 9.5, 9, 9, 9, 9, 2, '2024-2025', 'Cải thiện kết quả học tập'),
(1097, 'HS0127', 'GV0005', 1, 9, 9, 9.5, 9, 9.5, 1, '2024-2025', 'Tiến bộ ổn định, cần duy trì'),
(1098, 'HS0127', 'GV0006', 2, 9, 9.5, 9, 9.5, 9, 1, '2024-2025', 'Cải thiện rõ rệt'),
(1099, 'HS0127', 'GV0007', 3, 9, 9.5, 9, 9, 9.5, 1, '2024-2025', 'Nổi bật trong môn học'),
(1100, 'HS0127', 'GV0008', 4, 9.5, 9, 9, 9.5, 9, 1, '2024-2025', 'Cần tập trung hơn'),
(1101, 'HS0127', 'GV0005', 1, 9, 9.5, 9, 9.5, 9, 2, '2024-2025', 'Tiến bộ, duy trì nỗ lực'),
(1102, 'HS0127', 'GV0006', 2, 9.5, 9, 9, 9.5, 9.5, 2, '2024-2025', 'Học ổn định, cần cải thiện'),
(1103, 'HS0127', 'GV0007', 3, 9.5, 9, 9.5, 9, 9, 2, '2024-2025', 'Tiềm năng, cần tập trung'),
(1104, 'HS0127', 'GV0008', 4, 9, 9.5, 9, 9, 9.5, 2, '2024-2025', 'Tăng cường học tập'),
(1105, 'HS0128', 'GV0005', 1, 9, 8.5, 9, 9, 9, 1, '2024-2025', 'Tiến bộ, cần cải thiện'),
(1106, 'HS0128', 'GV0006', 2, 9, 9, 8.5, 9, 9.5, 1, '2024-2025', 'Cải thiện, duy trì tập trung'),
(1107, 'HS0128', 'GV0007', 3, 8.5, 9, 9, 8.5, 9.5, 1, '2024-2025', 'Cần chăm chỉ hơn'),
(1108, 'HS0128', 'GV0008', 4, 8.5, 8.5, 9, 9, 9, 1, '2024-2025', 'Cải thiện tổ chức thời gian'),
(1109, 'HS0128', 'GV0005', 1, 9.5, 9, 9, 9, 9.5, 2, '2024-2025', 'Cần tập trung hơn'),
(1110, 'HS0128', 'GV0006', 2, 9, 9.5, 9, 9.5, 9, 2, '2024-2025', 'Cần chăm chỉ hơn'),
(1111, 'HS0128', 'GV0007', 3, 9, 9.5, 9.5, 9, 9, 2, '2024-2025', 'Ổn định, cần duy trì'),
(1112, 'HS0128', 'GV0008', 4, 9.5, 9, 9, 9, 9.5, 2, '2024-2025', 'Cải thiện kỹ năng học tập'),
(1113, 'HS0129', 'GV0005', 1, 8.5, 9, 9, 8.5, 9.5, 1, '2024-2025', 'Cần cải thiện tự học'),
(1114, 'HS0129', 'GV0006', 2, 9, 8.5, 9.5, 9, 9, 1, '2024-2025', 'Tiến bộ, cần nỗ lực hơn'),
(1115, 'HS0129', 'GV0007', 3, 8.5, 9, 9, 8.5, 9.5, 1, '2024-2025', 'Cần tập trung hơn'),
(1116, 'HS0129', 'GV0008', 4, 9, 8.5, 9, 9.5, 9, 1, '2024-2025', 'Cải thiện kỹ năng làm bài thi'),
(1117, 'HS0129', 'GV0005', 1, 8.5, 9, 9.5, 8.5, 9, 2, '2024-2025', 'Cần cố gắng hơn'),
(1118, 'HS0129', 'GV0006', 2, 9, 9, 8.5, 9.5, 9, 2, '2024-2025', 'Duy trì tập trung'),
(1119, 'HS0129', 'GV0007', 3, 8.5, 9.5, 8.5, 9, 9.5, 2, '2024-2025', 'Cần chủ động hơn'),
(1120, 'HS0129', 'GV0008', 4, 9, 9, 9, 9.5, 9, 2, '2024-2025', 'Cải thiện tự học và quản lý thời gian'),
(1121, 'HS0130', 'GV0005', 1, 8, 8.5, 8.5, 8, 9, 1, '2024-2025', 'Cần nỗ lực cải thiện'),
(1122, 'HS0130', 'GV0006', 2, 8.5, 8, 8.5, 8, 9, 1, '2024-2025', 'Tiến bộ, cần duy trì'),
(1123, 'HS0130', 'GV0007', 3, 8, 8, 8, 8.5, 9, 1, '2024-2025', 'Cần cải thiện kỹ năng làm bài'),
(1124, 'HS0130', 'GV0008', 4, 8.5, 8, 8.5, 8, 8.5, 1, '2024-2025', 'Cần chăm chỉ hơn'),
(1125, 'HS0130', 'GV0005', 1, 8, 8.5, 8.5, 8, 9, 2, '2024-2025', 'Cần tập trung hơn'),
(1126, 'HS0130', 'GV0006', 2, 8.5, 8, 8.5, 8, 9, 2, '2024-2025', 'Cần duy trì cố gắng'),
(1127, 'HS0130', 'GV0007', 3, 8, 8, 8.5, 8, 8.5, 2, '2024-2025', 'Cải thiện làm bài kiểm tra'),
(1128, 'HS0130', 'GV0008', 4, 8.5, 8, 8.5, 8, 8.5, 2, '2024-2025', 'Cần chủ động hơn'),
(1129, 'HS0001', 'GV0009', 1, 9, 9, 9.5, 9, 9.5, 1, '2024-2025', 'Tiến bộ tốt, duy trì nỗ lực'),
(1130, 'HS0001', 'GV0010', 2, 9.5, 9, 9, 9, 9.5, 1, '2024-2025', 'Tiến bộ, cần tập trung hơn'),
(1131, 'HS0001', 'GV0011', 3, 9, 9.5, 9, 9.5, 9, 1, '2024-2025', 'Nổi bật trong môn học'),
(1132, 'HS0001', 'GV0012', 4, 9, 9, 9.5, 9, 9, 1, '2024-2025', 'Cần cải thiện sự tập trung'),
(1133, 'HS0001', 'GV0009', 1, 9, 9.5, 9.5, 9, 9.5, 2, '2024-2025', 'Giữ vững phong độ tốt'),
(1134, 'HS0001', 'GV0010', 2, 9, 9, 9, 9.5, 9.5, 2, '2024-2025', 'Tiến bộ rõ rệt'),
(1135, 'HS0001', 'GV0011', 3, 9.5, 9, 9, 9, 9.5, 2, '2024-2025', 'Cần duy trì nỗ lực'),
(1136, 'HS0001', 'GV0012', 4, 9.5, 9, 9, 9, 9, 2, '2024-2025', 'Cải thiện kết quả học tập'),
(1137, 'HS0002', 'GV0009', 1, 9, 9, 9.5, 9, 9.5, 1, '2024-2025', 'Tiến bộ ổn định, cần duy trì'),
(1138, 'HS0002', 'GV0010', 2, 9, 9.5, 9, 9.5, 9, 1, '2024-2025', 'Cải thiện rõ rệt'),
(1139, 'HS0002', 'GV0011', 3, 9, 9.5, 9, 9, 9.5, 1, '2024-2025', 'Nổi bật trong môn học'),
(1140, 'HS0002', 'GV0012', 4, 9.5, 9, 9, 9.5, 9, 1, '2024-2025', 'Cần tập trung hơn'),
(1141, 'HS0002', 'GV0009', 1, 9, 9.5, 9, 9.5, 9, 2, '2024-2025', 'Tiến bộ, duy trì nỗ lực'),
(1142, 'HS0002', 'GV0010', 2, 9.5, 9, 9, 9.5, 9.5, 2, '2024-2025', 'Học ổn định, cần cải thiện'),
(1143, 'HS0002', 'GV0011', 3, 9.5, 9, 9.5, 9, 9, 2, '2024-2025', 'Tiềm năng, cần tập trung'),
(1144, 'HS0002', 'GV0012', 4, 9, 9.5, 9, 9, 9.5, 2, '2024-2025', 'Tăng cường học tập'),
(1145, 'HS0003', 'GV0009', 1, 9, 8.5, 9, 9, 9, 1, '2024-2025', 'Tiến bộ, cần cải thiện'),
(1146, 'HS0003', 'GV0010', 2, 9, 9, 8.5, 9, 9.5, 1, '2024-2025', 'Cải thiện, duy trì tập trung'),
(1147, 'HS0003', 'GV0011', 3, 8.5, 9, 9, 8.5, 9.5, 1, '2024-2025', 'Cần chăm chỉ hơn'),
(1148, 'HS0003', 'GV0012', 4, 8.5, 8.5, 9, 9, 9, 1, '2024-2025', 'Cải thiện tổ chức thời gian'),
(1149, 'HS0003', 'GV0009', 1, 9.5, 9, 9, 9, 9.5, 2, '2024-2025', 'Cần tập trung hơn'),
(1150, 'HS0003', 'GV0010', 2, 9, 9.5, 9, 9.5, 9, 2, '2024-2025', 'Cần chăm chỉ hơn'),
(1151, 'HS0003', 'GV0011', 3, 9, 9.5, 9.5, 9, 9, 2, '2024-2025', 'Ổn định, cần duy trì'),
(1152, 'HS0003', 'GV0012', 4, 9.5, 9, 9, 9, 9.5, 2, '2024-2025', 'Cải thiện kỹ năng học tập'),
(1153, 'HS0004', 'GV0009', 1, 8.5, 9, 9, 8.5, 9.5, 1, '2024-2025', 'Cần cải thiện tự học'),
(1154, 'HS0004', 'GV0010', 2, 9, 8.5, 9.5, 9, 9, 1, '2024-2025', 'Tiến bộ, cần nỗ lực hơn'),
(1155, 'HS0004', 'GV0011', 3, 8.5, 9, 9, 8.5, 9.5, 1, '2024-2025', 'Cần tập trung hơn'),
(1156, 'HS0004', 'GV0012', 4, 9, 8.5, 9, 9.5, 9, 1, '2024-2025', 'Cải thiện kỹ năng làm bài thi'),
(1157, 'HS0004', 'GV0009', 1, 8.5, 9, 9.5, 8.5, 9, 2, '2024-2025', 'Cần cố gắng hơn'),
(1158, 'HS0004', 'GV0010', 2, 9, 9, 8.5, 9.5, 9, 2, '2024-2025', 'Duy trì tập trung'),
(1159, 'HS0004', 'GV0011', 3, 8.5, 9.5, 8.5, 9, 9.5, 2, '2024-2025', 'Cần chủ động hơn'),
(1160, 'HS0004', 'GV0012', 4, 9, 9, 9, 9.5, 9, 2, '2024-2025', 'Cải thiện tự học và quản lý thời gian'),
(1161, 'HS0005', 'GV0009', 1, 8, 8.5, 8.5, 8, 9, 1, '2024-2025', 'Cần nỗ lực cải thiện'),
(1162, 'HS0005', 'GV0010', 2, 8.5, 8, 8.5, 8, 9, 1, '2024-2025', 'Tiến bộ, cần duy trì'),
(1163, 'HS0005', 'GV0011', 3, 8, 8, 8, 8.5, 9, 1, '2024-2025', 'Cần cải thiện kỹ năng làm bài'),
(1164, 'HS0005', 'GV0012', 4, 8.5, 8, 8.5, 8, 8.5, 1, '2024-2025', 'Cần chăm chỉ hơn'),
(1165, 'HS0005', 'GV0009', 1, 8, 8.5, 8.5, 8, 9, 2, '2024-2025', 'Cần tập trung hơn'),
(1166, 'HS0005', 'GV0010', 2, 8.5, 8, 8.5, 8, 9, 2, '2024-2025', 'Cần duy trì cố gắng'),
(1167, 'HS0005', 'GV0011', 3, 8, 8, 8.5, 8, 8.5, 2, '2024-2025', 'Cải thiện làm bài kiểm tra'),
(1168, 'HS0005', 'GV0012', 4, 8.5, 8, 8.5, 8, 8.5, 2, '2024-2025', 'Cần chủ động hơn'),
(1169, 'HS0006', 'GV0009', 1, 8, 8.5, 8, 8, 8.5, 1, '2024-2025', 'Cần cố gắng duy trì kết quả ổn định'),
(1170, 'HS0006', 'GV0010', 2, 8.5, 8, 8.5, 8, 8.5, 1, '2024-2025', 'Tiến bộ tốt, cần tập trung hơn'),
(1171, 'HS0006', 'GV0011', 3, 8, 8.5, 8, 8, 8.5, 1, '2024-2025', 'Cần cải thiện kỹ năng giải bài tập'),
(1172, 'HS0006', 'GV0012', 4, 8.5, 8, 8, 8.5, 8, 1, '2024-2025', 'Cần cải thiện kết quả bài kiểm tra'),
(1173, 'HS0006', 'GV0009', 1, 8, 8.5, 8.5, 8, 8.5, 2, '2024-2025', 'Cần duy trì sự tập trung'),
(1174, 'HS0006', 'GV0010', 2, 8.5, 8, 8, 8.5, 8, 2, '2024-2025', 'Cải thiện tự học và tổ chức bài vở'),
(1175, 'HS0006', 'GV0011', 3, 8.5, 8, 8, 8.5, 8, 2, '2024-2025', 'Cần làm bài kiểm tra tốt hơn'),
(1176, 'HS0006', 'GV0012', 4, 8, 8, 8.5, 8, 8.5, 2, '2024-2025', 'Cần nỗ lực hơn trong việc cải thiện bài kiểm tra'),
(1177, 'HS0007', 'GV0009', 1, 7, 7.5, 7, 7, 7.5, 1, '2024-2025', 'Cần cải thiện và chăm chỉ hơn'),
(1178, 'HS0007', 'GV0010', 2, 7.5, 7.5, 7, 7.5, 8, 1, '2024-2025', 'Tiến bộ, cần duy trì nỗ lực'),
(1179, 'HS0007', 'GV0011', 3, 7.5, 7.5, 7, 7.5, 7.5, 1, '2024-2025', 'Cần cải thiện kỹ năng giải bài tập'),
(1180, 'HS0007', 'GV0012', 4, 7.5, 7.5, 7.5, 7.5, 8, 1, '2024-2025', 'Cần cải thiện kết quả thi'),
(1181, 'HS0007', 'GV0009', 1, 7.5, 7, 7, 7, 7.5, 2, '2024-2025', 'Nỗ lực hơn trong học tập'),
(1182, 'HS0007', 'GV0010', 2, 7.5, 7.5, 7, 7.5, 7.5, 2, '2024-2025', 'Duy trì sự cố gắng'),
(1183, 'HS0007', 'GV0011', 3, 7, 7.5, 7.5, 7, 7.5, 2, '2024-2025', 'Cần cải thiện tổ chức thời gian'),
(1184, 'HS0007', 'GV0012', 4, 7.5, 7.5, 7.5, 7.5, 8, 2, '2024-2025', 'Cải thiện phương pháp học tập'),
(1185, 'HS0008', 'GV0009', 1, 7, 7.5, 7, 7, 7.5, 1, '2024-2025', 'Cần cải thiện nỗ lực học tập'),
(1186, 'HS0008', 'GV0010', 2, 7.5, 7, 7, 7.5, 7.5, 1, '2024-2025', 'Cải thiện kỹ năng cần thiết'),
(1187, 'HS0008', 'GV0011', 3, 7, 7.5, 7, 7.5, 7.5, 1, '2024-2025', 'Cần cải thiện kỹ năng giải bài tập'),
(1188, 'HS0008', 'GV0012', 4, 7, 7, 7, 7.5, 7.5, 1, '2024-2025', 'Cần chủ động hơn trong học tập'),
(1189, 'HS0008', 'GV0009', 1, 7, 7, 7, 7.5, 7, 2, '2024-2025', 'Cải thiện kết quả học tập'),
(1190, 'HS0008', 'GV0010', 2, 7.5, 7, 7, 7.5, 7.5, 2, '2024-2025', 'Tiến bộ, nhưng cần cải thiện hơn'),
(1191, 'HS0008', 'GV0011', 3, 7, 7.5, 7.5, 7, 7.5, 2, '2024-2025', 'Cần nỗ lực hơn nữa'),
(1192, 'HS0008', 'GV0012', 4, 7, 7.5, 7, 7, 7.5, 2, '2024-2025', 'Cần tập trung và nỗ lực hơn'),
(1193, 'HS0009', 'GV0009', 1, 6, 6, 6, 6, 6.5, 1, '2024-2025', 'Cần ôn tập nhiều hơn'),
(1194, 'HS0009', 'GV0010', 2, 6, 6, 6.5, 6, 6.5, 1, '2024-2025', 'Duy trì nỗ lực học');
INSERT INTO `diem` (`MaDiem`, `MaHS`, `MaGV`, `MaMH`, `Diem15P_1`, `Diem15P_2`, `Diem1Tiet_1`, `Diem1Tiet_2`, `DiemCK`, `HocKy`, `NamHoc`, `NhanXet`) VALUES
(1195, 'HS0009', 'GV0011', 3, 6, 6, 6.5, 6, 6, 1, '2024-2025', 'Cần cải thiện kỹ năng làm bài'),
(1196, 'HS0009', 'GV0012', 4, 6.5, 6, 6, 6, 6.5, 1, '2024-2025', 'Cải thiện phương pháp học'),
(1197, 'HS0009', 'GV0009', 1, 6.5, 6, 6.5, 6, 6.5, 2, '2024-2025', 'Duy trì cố gắng'),
(1198, 'HS0009', 'GV0010', 2, 6, 6.5, 6, 6.5, 6.5, 2, '2024-2025', 'Tập trung ôn luyện'),
(1199, 'HS0009', 'GV0011', 3, 6, 6.5, 6, 6, 6.5, 2, '2024-2025', 'Ôn tập chăm chỉ hơn'),
(1200, 'HS0009', 'GV0012', 4, 6.5, 6, 6.5, 6, 6, 2, '2024-2025', 'Ôn bài kĩ hơn'),
(1201, 'HS0010', 'GV0009', 1, 4.5, 5, 5.5, 5, 5.5, 1, '2024-2025', 'Cần cải thiện nhiều hơn'),
(1202, 'HS0010', 'GV0010', 2, 5, 5, 5, 5.5, 5, 1, '2024-2025', 'Nỗ lực hơn trong học tập'),
(1203, 'HS0010', 'GV0011', 3, 5, 4.5, 5, 5, 5, 1, '2024-2025', 'Cần tập trung hơn'),
(1204, 'HS0010', 'GV0012', 4, 5.5, 5, 5, 5.5, 5, 1, '2024-2025', 'Cần ôn bài và cải thiện kết quả'),
(1205, 'HS0010', 'GV0009', 1, 6, 5.5, 6, 5.5, 6, 2, '2024-2025', 'Duy trì nỗ lực và cải thiện'),
(1206, 'HS0010', 'GV0010', 2, 6, 6, 6, 6.5, 6, 2, '2024-2025', 'Nỗ lực hơn trong học tập'),
(1207, 'HS0010', 'GV0011', 3, 6.5, 6, 6, 6, 6.5, 2, '2024-2025', 'Cần chăm chỉ hơn'),
(1208, 'HS0010', 'GV0012', 4, 6.5, 6, 6, 6.5, 6, 2, '2024-2025', 'Cần nỗ lực để cải thiện kết quả'),
(1209, 'HS0011', 'GV0001', 1, 9, 9, 9.5, 9, 9.5, 1, '2024-2025', 'Tiến bộ tốt, duy trì nỗ lực'),
(1210, 'HS0011', 'GV0002', 2, 9.5, 9, 9, 9, 9.5, 1, '2024-2025', 'Tiến bộ, cần tập trung hơn'),
(1211, 'HS0011', 'GV0003', 3, 9, 9.5, 9, 9.5, 9, 1, '2024-2025', 'Nổi bật trong môn học'),
(1212, 'HS0011', 'GV0004', 4, 9, 9, 9.5, 9, 9, 1, '2024-2025', 'Cần cải thiện sự tập trung'),
(1213, 'HS0011', 'GV0001', 1, 9, 9.5, 9.5, 9, 9.5, 2, '2024-2025', 'Giữ vững phong độ tốt'),
(1214, 'HS0011', 'GV0002', 2, 9, 9, 9, 9.5, 9.5, 2, '2024-2025', 'Tiến bộ rõ rệt'),
(1215, 'HS0011', 'GV0003', 3, 9.5, 9, 9, 9, 9.5, 2, '2024-2025', 'Cần duy trì nỗ lực'),
(1216, 'HS0011', 'GV0004', 4, 9.5, 9, 9, 9, 9, 2, '2024-2025', 'Cải thiện kết quả học tập'),
(1217, 'HS0012', 'GV0001', 1, 9, 9, 9.5, 9, 9.5, 1, '2024-2025', 'Tiến bộ ổn định, cần duy trì'),
(1218, 'HS0012', 'GV0002', 2, 9, 9.5, 9, 9.5, 9, 1, '2024-2025', 'Cải thiện rõ rệt'),
(1219, 'HS0012', 'GV0003', 3, 9, 9.5, 9, 9, 9.5, 1, '2024-2025', 'Nổi bật trong môn học'),
(1220, 'HS0012', 'GV0004', 4, 9.5, 9, 9, 9.5, 9, 1, '2024-2025', 'Cần tập trung hơn'),
(1221, 'HS0012', 'GV0001', 1, 9, 9.5, 9, 9.5, 9, 2, '2024-2025', 'Tiến bộ, duy trì nỗ lực'),
(1222, 'HS0012', 'GV0002', 2, 9.5, 9, 9, 9.5, 9.5, 2, '2024-2025', 'Học ổn định, cần cải thiện'),
(1223, 'HS0012', 'GV0003', 3, 9.5, 9, 9.5, 9, 9, 2, '2024-2025', 'Tiềm năng, cần tập trung'),
(1224, 'HS0012', 'GV0004', 4, 9, 9.5, 9, 9, 9.5, 2, '2024-2025', 'Tăng cường học tập'),
(1225, 'HS0013', 'GV0001', 1, 9, 8.5, 9, 9, 9, 1, '2024-2025', 'Tiến bộ, cần cải thiện'),
(1226, 'HS0013', 'GV0002', 2, 9, 9, 8.5, 9, 9.5, 1, '2024-2025', 'Cải thiện, duy trì tập trung'),
(1227, 'HS0013', 'GV0003', 3, 8.5, 9, 9, 8.5, 9.5, 1, '2024-2025', 'Cần chăm chỉ hơn'),
(1228, 'HS0013', 'GV0004', 4, 8.5, 8.5, 9, 9, 9, 1, '2024-2025', 'Cải thiện tổ chức thời gian'),
(1229, 'HS0013', 'GV0001', 1, 9.5, 9, 9, 9, 9.5, 2, '2024-2025', 'Cần tập trung hơn'),
(1230, 'HS0013', 'GV0002', 2, 9, 9.5, 9, 9.5, 9, 2, '2024-2025', 'Cần chăm chỉ hơn'),
(1231, 'HS0013', 'GV0003', 3, 9, 9.5, 9.5, 9, 9, 2, '2024-2025', 'Ổn định, cần duy trì'),
(1232, 'HS0013', 'GV0004', 4, 9.5, 9, 9, 9, 9.5, 2, '2024-2025', 'Cải thiện kỹ năng học tập'),
(1233, 'HS0014', 'GV0001', 1, 8.5, 9, 9, 8.5, 9.5, 1, '2024-2025', 'Cần cải thiện tự học'),
(1234, 'HS0014', 'GV0002', 2, 9, 8.5, 9.5, 9, 9, 1, '2024-2025', 'Tiến bộ, cần nỗ lực hơn'),
(1235, 'HS0014', 'GV0003', 3, 8.5, 9, 9, 8.5, 9.5, 1, '2024-2025', 'Cần tập trung hơn'),
(1236, 'HS0014', 'GV0004', 4, 9, 8.5, 9, 9.5, 9, 1, '2024-2025', 'Cải thiện kỹ năng làm bài thi'),
(1237, 'HS0014', 'GV0001', 1, 8.5, 9, 9.5, 8.5, 9, 2, '2024-2025', 'Cần cố gắng hơn'),
(1238, 'HS0014', 'GV0002', 2, 9, 9, 8.5, 9.5, 9, 2, '2024-2025', 'Duy trì tập trung'),
(1239, 'HS0014', 'GV0003', 3, 8.5, 9.5, 8.5, 9, 9.5, 2, '2024-2025', 'Cần chủ động hơn'),
(1240, 'HS0014', 'GV0004', 4, 9, 9, 9, 9.5, 9, 2, '2024-2025', 'Cải thiện tự học và quản lý thời gian'),
(1241, 'HS0015', 'GV0001', 1, 8, 8.5, 8.5, 8, 9, 1, '2024-2025', 'Cần nỗ lực cải thiện'),
(1242, 'HS0015', 'GV0002', 2, 8.5, 8, 8.5, 8, 9, 1, '2024-2025', 'Tiến bộ, cần duy trì'),
(1243, 'HS0015', 'GV0003', 3, 8, 8, 8, 8.5, 9, 1, '2024-2025', 'Cần cải thiện kỹ năng làm bài'),
(1244, 'HS0015', 'GV0004', 4, 8.5, 8, 8.5, 8, 8.5, 1, '2024-2025', 'Cần chăm chỉ hơn'),
(1245, 'HS0015', 'GV0001', 1, 8, 8.5, 8.5, 8, 9, 2, '2024-2025', 'Cần tập trung hơn'),
(1246, 'HS0015', 'GV0002', 2, 8.5, 8, 8.5, 8, 9, 2, '2024-2025', 'Cần duy trì cố gắng'),
(1247, 'HS0015', 'GV0003', 3, 8, 8, 8.5, 8, 8.5, 2, '2024-2025', 'Cải thiện làm bài kiểm tra'),
(1248, 'HS0015', 'GV0004', 4, 8.5, 8, 8.5, 8, 8.5, 2, '2024-2025', 'Cần chủ động hơn'),
(1249, 'HS0016', 'GV0001', 1, 8, 8.5, 8, 8, 8.5, 1, '2024-2025', 'Cần cố gắng duy trì kết quả ổn định'),
(1250, 'HS0016', 'GV0002', 2, 8.5, 8, 8.5, 8, 8.5, 1, '2024-2025', 'Tiến bộ tốt, cần tập trung hơn'),
(1251, 'HS0016', 'GV0003', 3, 8, 8.5, 8, 8, 8.5, 1, '2024-2025', 'Cần cải thiện kỹ năng giải bài tập'),
(1252, 'HS0016', 'GV0004', 4, 8.5, 8, 8, 8.5, 8, 1, '2024-2025', 'Cần cải thiện kết quả bài kiểm tra'),
(1253, 'HS0016', 'GV0001', 1, 8, 8.5, 8.5, 8, 8.5, 2, '2024-2025', 'Cần duy trì sự tập trung'),
(1254, 'HS0016', 'GV0002', 2, 8.5, 8, 8, 8.5, 8, 2, '2024-2025', 'Cải thiện tự học và tổ chức bài vở'),
(1255, 'HS0016', 'GV0003', 3, 8.5, 8, 8, 8.5, 8, 2, '2024-2025', 'Cần làm bài kiểm tra tốt hơn'),
(1256, 'HS0016', 'GV0004', 4, 8, 8, 8.5, 8, 8.5, 2, '2024-2025', 'Cần nỗ lực hơn trong việc cải thiện bài kiểm tra'),
(1257, 'HS0017', 'GV0001', 1, 7, 7.5, 7, 7, 7.5, 1, '2024-2025', 'Cần cải thiện và chăm chỉ hơn'),
(1258, 'HS0017', 'GV0002', 2, 7.5, 7.5, 7, 7.5, 8, 1, '2024-2025', 'Tiến bộ, cần duy trì nỗ lực'),
(1259, 'HS0017', 'GV0003', 3, 7.5, 7.5, 7, 7.5, 7.5, 1, '2024-2025', 'Cần cải thiện kỹ năng giải bài tập'),
(1260, 'HS0017', 'GV0004', 4, 7.5, 7.5, 7.5, 7.5, 8, 1, '2024-2025', 'Cần cải thiện kết quả thi'),
(1261, 'HS0017', 'GV0001', 1, 7.5, 7, 7, 7, 7.5, 2, '2024-2025', 'Nỗ lực hơn trong học tập'),
(1262, 'HS0017', 'GV0002', 2, 7.5, 7.5, 7, 7.5, 7.5, 2, '2024-2025', 'Duy trì sự cố gắng'),
(1263, 'HS0017', 'GV0003', 3, 7, 7.5, 7.5, 7, 7.5, 2, '2024-2025', 'Cần cải thiện tổ chức thời gian'),
(1264, 'HS0017', 'GV0004', 4, 7.5, 7.5, 7.5, 7.5, 8, 2, '2024-2025', 'Cải thiện phương pháp học tập'),
(1265, 'HS0018', 'GV0001', 1, 7, 7.5, 7, 7, 7.5, 1, '2024-2025', 'Cần cải thiện nỗ lực học tập'),
(1266, 'HS0018', 'GV0002', 2, 7.5, 7, 7, 7.5, 7.5, 1, '2024-2025', 'Cải thiện kỹ năng cần thiết'),
(1267, 'HS0018', 'GV0003', 3, 7, 7.5, 7, 7.5, 7.5, 1, '2024-2025', 'Cần cải thiện kỹ năng giải bài tập'),
(1268, 'HS0018', 'GV0004', 4, 7, 7, 7, 7.5, 7.5, 1, '2024-2025', 'Cần chủ động hơn trong học tập'),
(1269, 'HS0018', 'GV0001', 1, 7, 7, 7, 7.5, 7, 2, '2024-2025', 'Cải thiện kết quả học tập'),
(1270, 'HS0018', 'GV0002', 2, 7.5, 7, 7, 7.5, 7.5, 2, '2024-2025', 'Tiến bộ, nhưng cần cải thiện hơn'),
(1271, 'HS0018', 'GV0003', 3, 7, 7.5, 7.5, 7, 7.5, 2, '2024-2025', 'Cần nỗ lực hơn nữa'),
(1272, 'HS0018', 'GV0004', 4, 7, 7.5, 7, 7, 7.5, 2, '2024-2025', 'Cần tập trung và nỗ lực hơn'),
(1273, 'HS0019', 'GV0001', 1, 6, 6, 6, 6, 6.5, 1, '2024-2025', 'Cần ôn tập nhiều hơn'),
(1274, 'HS0019', 'GV0002', 2, 6, 6, 6.5, 6, 6.5, 1, '2024-2025', 'Duy trì nỗ lực học'),
(1275, 'HS0019', 'GV0003', 3, 6, 6, 6.5, 6, 6, 1, '2024-2025', 'Cần cải thiện kỹ năng làm bài'),
(1276, 'HS0019', 'GV0004', 4, 6.5, 6, 6, 6, 6.5, 1, '2024-2025', 'Cải thiện phương pháp học'),
(1277, 'HS0019', 'GV0001', 1, 6.5, 6, 6.5, 6, 6.5, 2, '2024-2025', 'Duy trì cố gắng'),
(1278, 'HS0019', 'GV0002', 2, 6, 6.5, 6, 6.5, 6.5, 2, '2024-2025', 'Tập trung ôn luyện'),
(1279, 'HS0019', 'GV0003', 3, 6, 6.5, 6, 6, 6.5, 2, '2024-2025', 'Ôn tập chăm chỉ hơn'),
(1280, 'HS0019', 'GV0004', 4, 6.5, 6, 6.5, 6, 6, 2, '2024-2025', 'Ôn bài kĩ hơn'),
(1281, 'HS0020', 'GV0001', 1, 4.5, 5, 5.5, 5, 5.5, 1, '2024-2025', 'Cần cải thiện nhiều hơn'),
(1282, 'HS0020', 'GV0002', 2, 5, 5, 5, 5.5, 5, 1, '2024-2025', 'Nỗ lực hơn trong học tập'),
(1283, 'HS0020', 'GV0003', 3, 5, 4.5, 5, 5, 5, 1, '2024-2025', 'Cần tập trung hơn'),
(1284, 'HS0020', 'GV0004', 4, 5.5, 5, 5, 5.5, 5, 1, '2024-2025', 'Cần ôn bài và cải thiện kết quả'),
(1285, 'HS0020', 'GV0001', 1, 6, 5.5, 6, 5.5, 6, 2, '2024-2025', 'Duy trì nỗ lực và cải thiện'),
(1286, 'HS0020', 'GV0002', 2, 6, 6, 6, 6.5, 6, 2, '2024-2025', 'Nỗ lực hơn trong học tập'),
(1287, 'HS0020', 'GV0003', 3, 6.5, 6, 6, 6, 6.5, 2, '2024-2025', 'Cần chăm chỉ hơn'),
(1288, 'HS0020', 'GV0004', 4, 6.5, 6, 6, 6.5, 6, 2, '2024-2025', 'Cần nỗ lực để cải thiện kết quả'),
(1289, 'HS0021', 'GV0005', 1, 9, 9, 9.5, 9, 9.5, 1, '2024-2025', 'Tiến bộ tốt, duy trì nỗ lực'),
(1290, 'HS0021', 'GV0006', 2, 9.5, 9, 9, 9, 9.5, 1, '2024-2025', 'Tiến bộ, cần tập trung hơn'),
(1291, 'HS0021', 'GV0007', 3, 9, 9.5, 9, 9.5, 9, 1, '2024-2025', 'Nổi bật trong môn học'),
(1292, 'HS0021', 'GV0008', 4, 9, 9, 9.5, 9, 9, 1, '2024-2025', 'Cần cải thiện sự tập trung'),
(1293, 'HS0021', 'GV0005', 1, 9, 9.5, 9.5, 9, 9.5, 2, '2024-2025', 'Giữ vững phong độ tốt'),
(1294, 'HS0021', 'GV0006', 2, 9, 9, 9, 9.5, 9.5, 2, '2024-2025', 'Tiến bộ rõ rệt'),
(1295, 'HS0021', 'GV0007', 3, 9.5, 9, 9, 9, 9.5, 2, '2024-2025', 'Cần duy trì nỗ lực'),
(1296, 'HS0021', 'GV0008', 4, 9.5, 9, 9, 9, 9, 2, '2024-2025', 'Cải thiện kết quả học tập'),
(1297, 'HS0022', 'GV0005', 1, 9, 9, 9.5, 9, 9.5, 1, '2024-2025', 'Tiến bộ ổn định, cần duy trì'),
(1298, 'HS0022', 'GV0006', 2, 9, 9.5, 9, 9.5, 9, 1, '2024-2025', 'Cải thiện rõ rệt'),
(1299, 'HS0022', 'GV0007', 3, 9, 9.5, 9, 9, 9.5, 1, '2024-2025', 'Nổi bật trong môn học'),
(1300, 'HS0022', 'GV0008', 4, 9.5, 9, 9, 9.5, 9, 1, '2024-2025', 'Cần tập trung hơn'),
(1301, 'HS0022', 'GV0005', 1, 9, 9.5, 9, 9.5, 9, 2, '2024-2025', 'Tiến bộ, duy trì nỗ lực'),
(1302, 'HS0022', 'GV0006', 2, 9.5, 9, 9, 9.5, 9.5, 2, '2024-2025', 'Học ổn định, cần cải thiện'),
(1303, 'HS0022', 'GV0007', 3, 9.5, 9, 9.5, 9, 9, 2, '2024-2025', 'Tiềm năng, cần tập trung'),
(1304, 'HS0022', 'GV0008', 4, 9, 9.5, 9, 9, 9.5, 2, '2024-2025', 'Tăng cường học tập'),
(1305, 'HS0023', 'GV0005', 1, 9, 8.5, 9, 9, 9, 1, '2024-2025', 'Tiến bộ, cần cải thiện'),
(1306, 'HS0023', 'GV0006', 2, 9, 9, 8.5, 9, 9.5, 1, '2024-2025', 'Cải thiện, duy trì tập trung'),
(1307, 'HS0023', 'GV0007', 3, 8.5, 9, 9, 8.5, 9.5, 1, '2024-2025', 'Cần chăm chỉ hơn'),
(1308, 'HS0023', 'GV0008', 4, 8.5, 8.5, 9, 9, 9, 1, '2024-2025', 'Cải thiện tổ chức thời gian'),
(1309, 'HS0023', 'GV0005', 1, 9.5, 9, 9, 9, 9.5, 2, '2024-2025', 'Cần tập trung hơn'),
(1310, 'HS0023', 'GV0006', 2, 9, 9.5, 9, 9.5, 9, 2, '2024-2025', 'Cần chăm chỉ hơn'),
(1311, 'HS0023', 'GV0007', 3, 9, 9.5, 9.5, 9, 9, 2, '2024-2025', 'Ổn định, cần duy trì'),
(1312, 'HS0023', 'GV0008', 4, 9.5, 9, 9, 9, 9.5, 2, '2024-2025', 'Cải thiện kỹ năng học tập'),
(1313, 'HS0024', 'GV0005', 1, 8.5, 9, 9, 8.5, 9.5, 1, '2024-2025', 'Cần cải thiện tự học'),
(1314, 'HS0024', 'GV0006', 2, 9, 8.5, 9.5, 9, 9, 1, '2024-2025', 'Tiến bộ, cần nỗ lực hơn'),
(1315, 'HS0024', 'GV0007', 3, 8.5, 9, 9, 8.5, 9.5, 1, '2024-2025', 'Cần tập trung hơn'),
(1316, 'HS0024', 'GV0008', 4, 9, 8.5, 9, 9.5, 9, 1, '2024-2025', 'Cải thiện kỹ năng làm bài thi'),
(1317, 'HS0024', 'GV0005', 1, 8.5, 9, 9.5, 8.5, 9, 2, '2024-2025', 'Cần cố gắng hơn'),
(1318, 'HS0024', 'GV0006', 2, 9, 9, 8.5, 9.5, 9, 2, '2024-2025', 'Duy trì tập trung'),
(1319, 'HS0024', 'GV0007', 3, 8.5, 9.5, 8.5, 9, 9.5, 2, '2024-2025', 'Cần chủ động hơn'),
(1320, 'HS0024', 'GV0008', 4, 9, 8.5, 9, 9.5, 9, 2, '2024-2025', 'Cải thiện tự học và quản lý thời gian'),
(1321, 'HS0025', 'GV0005', 1, 8, 8.5, 8.5, 8, 9, 1, '2024-2025', 'Cần nỗ lực cải thiện'),
(1322, 'HS0025', 'GV0006', 2, 8.5, 8, 8.5, 8, 9, 1, '2024-2025', 'Tiến bộ, cần duy trì'),
(1323, 'HS0025', 'GV0007', 3, 8, 8, 8, 8.5, 9, 1, '2024-2025', 'Cần cải thiện kỹ năng làm bài'),
(1324, 'HS0025', 'GV0008', 4, 8.5, 8, 8.5, 8, 8.5, 1, '2024-2025', 'Cần chăm chỉ hơn'),
(1325, 'HS0025', 'GV0005', 1, 8, 8.5, 8.5, 8, 9, 2, '2024-2025', 'Cần tập trung hơn'),
(1326, 'HS0025', 'GV0006', 2, 8.5, 8, 8.5, 8, 9, 2, '2024-2025', 'Cần duy trì cố gắng'),
(1327, 'HS0025', 'GV0007', 3, 8, 8, 8.5, 8, 8.5, 2, '2024-2025', 'Cải thiện làm bài kiểm tra'),
(1328, 'HS0025', 'GV0008', 4, 8.5, 8, 8.5, 8, 8.5, 2, '2024-2025', 'Cần chủ động hơn'),
(1329, 'HS0026', 'GV0005', 1, 8, 8.5, 8, 8, 8.5, 1, '2024-2025', 'Cần cố gắng duy trì kết quả ổn định'),
(1330, 'HS0026', 'GV0006', 2, 8.5, 8, 8.5, 8, 8.5, 1, '2024-2025', 'Tiến bộ tốt, cần tập trung hơn'),
(1331, 'HS0026', 'GV0007', 3, 8, 8.5, 8, 8, 8.5, 1, '2024-2025', 'Cần cải thiện kỹ năng giải bài tập'),
(1332, 'HS0026', 'GV0008', 4, 8.5, 8, 8, 8.5, 8, 1, '2024-2025', 'Cần cải thiện kết quả bài kiểm tra'),
(1333, 'HS0026', 'GV0005', 1, 8, 8.5, 8.5, 8, 8.5, 2, '2024-2025', 'Cần duy trì sự tập trung'),
(1334, 'HS0026', 'GV0006', 2, 8.5, 8, 8, 8.5, 8, 2, '2024-2025', 'Cải thiện tự học và tổ chức bài vở'),
(1335, 'HS0026', 'GV0007', 3, 8.5, 8, 8, 8.5, 8, 2, '2024-2025', 'Cần làm bài kiểm tra tốt hơn'),
(1336, 'HS0026', 'GV0008', 4, 8, 8, 8.5, 8, 8.5, 2, '2024-2025', 'Cần nỗ lực hơn trong việc cải thiện bài kiểm tra'),
(1337, 'HS0027', 'GV0005', 1, 7, 7.5, 7, 7, 7.5, 1, '2024-2025', 'Cần cải thiện và chăm chỉ hơn'),
(1338, 'HS0027', 'GV0006', 2, 7.5, 7.5, 7, 7.5, 8, 1, '2024-2025', 'Tiến bộ, cần duy trì nỗ lực'),
(1339, 'HS0027', 'GV0007', 3, 7.5, 7.5, 7, 7.5, 7.5, 1, '2024-2025', 'Cần cải thiện kỹ năng giải bài tập'),
(1340, 'HS0027', 'GV0008', 4, 7.5, 7.5, 7.5, 7.5, 8, 1, '2024-2025', 'Cần cải thiện kết quả thi'),
(1341, 'HS0027', 'GV0005', 1, 7.5, 7, 7, 7, 7.5, 2, '2024-2025', 'Nỗ lực hơn trong học tập'),
(1342, 'HS0027', 'GV0006', 2, 7.5, 7.5, 7, 7.5, 7.5, 2, '2024-2025', 'Duy trì sự cố gắng'),
(1343, 'HS0027', 'GV0007', 3, 7, 7.5, 7.5, 7, 7.5, 2, '2024-2025', 'Cần cải thiện tổ chức thời gian'),
(1344, 'HS0027', 'GV0008', 4, 7.5, 7.5, 7.5, 7.5, 8, 2, '2024-2025', 'Cải thiện phương pháp học tập'),
(1345, 'HS0028', 'GV0005', 1, 7, 7.5, 7, 7, 7.5, 1, '2024-2025', 'Cần cải thiện nỗ lực học tập'),
(1346, 'HS0028', 'GV0006', 2, 7.5, 7, 7, 7.5, 7.5, 1, '2024-2025', 'Cải thiện kỹ năng cần thiết'),
(1347, 'HS0028', 'GV0007', 3, 7, 7.5, 7, 7.5, 7.5, 1, '2024-2025', 'Cần cải thiện kỹ năng giải bài tập'),
(1348, 'HS0028', 'GV0008', 4, 7, 7, 7, 7.5, 7.5, 1, '2024-2025', 'Cần chủ động hơn trong học tập'),
(1349, 'HS0028', 'GV0005', 1, 7, 7, 7, 7.5, 7, 2, '2024-2025', 'Cải thiện kết quả học tập'),
(1350, 'HS0028', 'GV0006', 2, 7.5, 7, 7, 7.5, 7.5, 2, '2024-2025', 'Tiến bộ, nhưng cần cải thiện hơn'),
(1351, 'HS0028', 'GV0007', 3, 7, 7.5, 7.5, 7, 7.5, 2, '2024-2025', 'Cần nỗ lực hơn nữa'),
(1352, 'HS0028', 'GV0008', 4, 7, 7.5, 7, 7, 7.5, 2, '2024-2025', 'Cần tập trung và nỗ lực hơn'),
(1353, 'HS0029', 'GV0005', 1, 6, 6, 6, 6, 6.5, 1, '2024-2025', 'Cần ôn tập nhiều hơn'),
(1354, 'HS0029', 'GV0006', 2, 6, 6, 6.5, 6, 6.5, 1, '2024-2025', 'Duy trì nỗ lực học'),
(1355, 'HS0029', 'GV0007', 3, 6, 6, 6.5, 6, 6, 1, '2024-2025', 'Cần cải thiện kỹ năng làm bài'),
(1356, 'HS0029', 'GV0008', 4, 6.5, 6, 6, 6, 6.5, 1, '2024-2025', 'Cải thiện phương pháp học'),
(1357, 'HS0029', 'GV0005', 1, 6.5, 6, 6.5, 6, 6.5, 2, '2024-2025', 'Duy trì cố gắng'),
(1358, 'HS0029', 'GV0006', 2, 6, 6.5, 6, 6.5, 6.5, 2, '2024-2025', 'Tập trung ôn luyện'),
(1359, 'HS0029', 'GV0007', 3, 6, 6.5, 6, 6, 6.5, 2, '2024-2025', 'Ôn tập chăm chỉ hơn'),
(1360, 'HS0029', 'GV0008', 4, 6.5, 6, 6.5, 6, 6, 2, '2024-2025', 'Ôn bài kĩ hơn'),
(1361, 'HS0030', 'GV0005', 1, 4.5, 5, 5.5, 5, 5.5, 1, '2024-2025', 'Cần cải thiện nhiều hơn'),
(1362, 'HS0030', 'GV0006', 2, 5, 5, 5, 5.5, 5, 1, '2024-2025', 'Nỗ lực hơn trong học tập'),
(1363, 'HS0030', 'GV0007', 3, 5, 4.5, 5, 5, 5, 1, '2024-2025', 'Cần tập trung hơn'),
(1364, 'HS0030', 'GV0008', 4, 5.5, 5, 5, 5.5, 5, 1, '2024-2025', 'Cần ôn bài và cải thiện kết quả'),
(1365, 'HS0030', 'GV0005', 1, 6, 5.5, 6, 5.5, 6, 2, '2024-2025', 'Duy trì nỗ lực và cải thiện'),
(1366, 'HS0030', 'GV0006', 2, 6, 6, 6, 6.5, 6, 2, '2024-2025', 'Nỗ lực hơn trong học tập'),
(1367, 'HS0030', 'GV0007', 3, 6.5, 6, 6, 6, 6.5, 2, '2024-2025', 'Cần chăm chỉ hơn'),
(1368, 'HS0030', 'GV0008', 4, 6.5, 6, 6, 6.5, 6, 2, '2024-2025', 'Cần nỗ lực để cải thiện kết quả'),
(1369, 'HS0031', 'GV0009', 1, 9, 9, 9.5, 9, 9.5, 1, '2024-2025', 'Tiến bộ tốt, duy trì nỗ lực'),
(1370, 'HS0031', 'GV0010', 2, 9.5, 9, 9, 9, 9.5, 1, '2024-2025', 'Tiến bộ, cần tập trung hơn'),
(1371, 'HS0031', 'GV0011', 3, 9, 9.5, 9, 9.5, 9, 1, '2024-2025', 'Nổi bật trong môn học'),
(1372, 'HS0031', 'GV0012', 4, 9, 9, 9.5, 9, 9, 1, '2024-2025', 'Cần cải thiện sự tập trung'),
(1373, 'HS0031', 'GV0009', 1, 9, 9.5, 9.5, 9, 9.5, 2, '2024-2025', 'Giữ vững phong độ tốt'),
(1374, 'HS0031', 'GV0010', 2, 9, 9, 9, 9.5, 9.5, 2, '2024-2025', 'Tiến bộ rõ rệt'),
(1375, 'HS0031', 'GV0011', 3, 9.5, 9, 9, 9, 9.5, 2, '2024-2025', 'Cần duy trì nỗ lực'),
(1376, 'HS0031', 'GV0012', 4, 9.5, 9, 9, 9, 9, 2, '2024-2025', 'Cải thiện kết quả học tập'),
(1377, 'HS0032', 'GV0009', 1, 9, 9, 9.5, 9, 9.5, 1, '2024-2025', 'Tiến bộ ổn định, cần duy trì'),
(1378, 'HS0032', 'GV0010', 2, 9, 9.5, 9, 9.5, 9, 1, '2024-2025', 'Cải thiện rõ rệt'),
(1379, 'HS0032', 'GV0011', 3, 9, 9.5, 9, 9, 9.5, 1, '2024-2025', 'Nổi bật trong môn học'),
(1380, 'HS0032', 'GV0012', 4, 9.5, 9, 9, 9.5, 9, 1, '2024-2025', 'Cần tập trung hơn'),
(1381, 'HS0032', 'GV0009', 1, 9, 9.5, 9, 9.5, 9, 2, '2024-2025', 'Tiến bộ, duy trì nỗ lực'),
(1382, 'HS0032', 'GV0010', 2, 9.5, 9, 9, 9.5, 9.5, 2, '2024-2025', 'Học ổn định, cần cải thiện'),
(1383, 'HS0032', 'GV0011', 3, 9.5, 9, 9.5, 9, 9, 2, '2024-2025', 'Tiềm năng, cần tập trung'),
(1384, 'HS0032', 'GV0012', 4, 9, 9.5, 9, 9, 9.5, 2, '2024-2025', 'Tăng cường học tập'),
(1385, 'HS0033', 'GV0009', 1, 9, 8.5, 9, 9, 9, 1, '2024-2025', 'Tiến bộ, cần cải thiện'),
(1386, 'HS0033', 'GV0010', 2, 9, 9, 8.5, 9, 9.5, 1, '2024-2025', 'Cải thiện, duy trì tập trung'),
(1387, 'HS0033', 'GV0011', 3, 8.5, 9, 9, 8.5, 9.5, 1, '2024-2025', 'Cần chăm chỉ hơn'),
(1388, 'HS0033', 'GV0012', 4, 8.5, 8.5, 9, 9, 9, 1, '2024-2025', 'Cải thiện tổ chức thời gian'),
(1389, 'HS0033', 'GV0009', 1, 9.5, 9, 9, 9, 9.5, 2, '2024-2025', 'Cần tập trung hơn'),
(1390, 'HS0033', 'GV0010', 2, 9, 9.5, 9, 9.5, 9, 2, '2024-2025', 'Cần chăm chỉ hơn'),
(1391, 'HS0033', 'GV0011', 3, 9, 9.5, 9.5, 9, 9, 2, '2024-2025', 'Ổn định, cần duy trì'),
(1392, 'HS0033', 'GV0012', 4, 9.5, 9, 9, 9, 9.5, 2, '2024-2025', 'Cải thiện kỹ năng học tập'),
(1393, 'HS0034', 'GV0009', 1, 8.5, 9, 9, 8.5, 9.5, 1, '2024-2025', 'Cần cải thiện tự học'),
(1394, 'HS0034', 'GV0010', 2, 9, 8.5, 9.5, 9, 9, 1, '2024-2025', 'Tiến bộ, cần nỗ lực hơn'),
(1395, 'HS0034', 'GV0011', 3, 8.5, 9, 9, 8.5, 9.5, 1, '2024-2025', 'Cần tập trung hơn'),
(1396, 'HS0034', 'GV0012', 4, 9, 8.5, 9, 9.5, 9, 1, '2024-2025', 'Cải thiện kỹ năng làm bài thi'),
(1397, 'HS0034', 'GV0009', 1, 8.5, 9, 9.5, 8.5, 9, 2, '2024-2025', 'Cần cố gắng hơn'),
(1398, 'HS0034', 'GV0010', 2, 9, 9, 8.5, 9.5, 9, 2, '2024-2025', 'Duy trì tập trung'),
(1399, 'HS0034', 'GV0011', 3, 8.5, 9.5, 8.5, 9, 9.5, 2, '2024-2025', 'Cần chủ động hơn'),
(1400, 'HS0034', 'GV0012', 4, 9, 8.5, 9, 9.5, 9, 2, '2024-2025', 'Cải thiện tự học và quản lý thời gian'),
(1401, 'HS0035', 'GV0009', 1, 8, 8.5, 8.5, 8, 9, 1, '2024-2025', 'Cần nỗ lực cải thiện'),
(1402, 'HS0035', 'GV0010', 2, 8.5, 8, 8.5, 8, 9, 1, '2024-2025', 'Tiến bộ, cần duy trì'),
(1403, 'HS0035', 'GV0011', 3, 8, 8, 8, 8.5, 9, 1, '2024-2025', 'Cần cải thiện kỹ năng làm bài'),
(1404, 'HS0035', 'GV0012', 4, 8.5, 8, 8.5, 8, 8.5, 1, '2024-2025', 'Cần chăm chỉ hơn'),
(1405, 'HS0035', 'GV0009', 1, 8, 8.5, 8.5, 8, 9, 2, '2024-2025', 'Cần tập trung hơn'),
(1406, 'HS0035', 'GV0010', 2, 8.5, 8, 8.5, 8, 9, 2, '2024-2025', 'Cần duy trì cố gắng'),
(1407, 'HS0035', 'GV0011', 3, 8, 8, 8.5, 8, 8.5, 2, '2024-2025', 'Cải thiện làm bài kiểm tra'),
(1408, 'HS0035', 'GV0012', 4, 8.5, 8, 8.5, 8, 8.5, 2, '2024-2025', 'Cần chủ động hơn'),
(1409, 'HS0036', 'GV0009', 1, 8.5, 8, 8.5, 8, 9, 1, '2024-2025', 'Tiến bộ, cần duy trì');

-- --------------------------------------------------------

--
-- Cấu trúc bảng cho bảng `giamthi`
--

CREATE TABLE `giamthi` (
  `MaGT` varchar(10) NOT NULL,
  `MaTK` int(11) DEFAULT NULL,
  `TinhTrang` enum('Đang làm việc','Đã nghỉ việc') NOT NULL
) ENGINE=InnoDB DEFAULT CHARSET=utf8mb4 COLLATE=utf8mb4_general_ci;

--
-- Đang đổ dữ liệu cho bảng `giamthi`
--

INSERT INTO `giamthi` (`MaGT`, `MaTK`, `TinhTrang`) VALUES
('GT0001', 68, 'Đang làm việc'),
('GT0002', 69, 'Đang làm việc'),
('GT0003', 70, 'Đang làm việc'),
('GT0004', 71, 'Đang làm việc'),
('GT0005', 72, 'Đang làm việc');

--
-- Bẫy `giamthi`
--
DELIMITER $$
CREATE TRIGGER `trg_GT_BeforeInsert` BEFORE INSERT ON `giamthi` FOR EACH ROW BEGIN
    SET NEW.MaGT = CONCAT('GT', LPAD((SELECT IFNULL(MAX(CAST(SUBSTRING(MaGT, 3) AS UNSIGNED)), 0) + 1 FROM GIAMTHI), 4, '0'));
END
$$
DELIMITER ;

-- --------------------------------------------------------

--
-- Cấu trúc bảng cho bảng `giaovien`
--

CREATE TABLE `giaovien` (
  `MaGV` varchar(10) NOT NULL,
  `MaTK` int(11) DEFAULT NULL,
  `ChucVu` enum('Tổ trưởng','Tổ phó','Giáo viên') DEFAULT NULL,
  `TinhTrang` enum('Đang giảng dạy','Đã nghỉ việc') DEFAULT NULL
) ENGINE=InnoDB DEFAULT CHARSET=utf8mb4 COLLATE=utf8mb4_general_ci;

--
-- Đang đổ dữ liệu cho bảng `giaovien`
--

INSERT INTO `giaovien` (`MaGV`, `MaTK`, `ChucVu`, `TinhTrang`) VALUES
('GV0001', 3, 'Giáo viên', 'Đang giảng dạy'),
('GV0002', 4, 'Tổ trưởng', 'Đang giảng dạy'),
('GV0003', 5, 'Giáo viên', 'Đang giảng dạy'),
('GV0004', 6, 'Tổ phó', 'Đang giảng dạy'),
('GV0005', 7, 'Giáo viên', 'Đang giảng dạy'),
('GV0006', 8, 'Giáo viên', 'Đang giảng dạy'),
('GV0007', 9, 'Tổ phó', 'Đang giảng dạy'),
('GV0008', 10, 'Giáo viên', 'Đang giảng dạy'),
('GV0009', 11, 'Giáo viên', 'Đang giảng dạy'),
('GV0010', 12, 'Tổ trưởng', 'Đang giảng dạy'),
('GV0011', 13, 'Giáo viên', 'Đang giảng dạy'),
('GV0012', 14, 'Tổ trưởng', 'Đang giảng dạy'),
('GV0013', 15, 'Giáo viên', 'Đang giảng dạy'),
('GV0014', 16, 'Tổ phó', 'Đang giảng dạy'),
('GV0015', 17, 'Giáo viên', 'Đang giảng dạy'),
('GV0016', 18, 'Giáo viên', 'Đang giảng dạy'),
('GV0017', 19, 'Tổ phó', 'Đang giảng dạy'),
('GV0018', 20, 'Giáo viên', 'Đang giảng dạy'),
('GV0019', 21, 'Giáo viên', 'Đang giảng dạy'),
('GV0020', 22, 'Tổ trưởng', 'Đang giảng dạy');

--
-- Bẫy `giaovien`
--
DELIMITER $$
CREATE TRIGGER `trg_GV_BeforeInsert` BEFORE INSERT ON `giaovien` FOR EACH ROW BEGIN
    SET NEW.MaGV = CONCAT('GV', LPAD((SELECT IFNULL(MAX(CAST(SUBSTRING(MaGV, 3) AS UNSIGNED)), 0) + 1 FROM GIAOVIEN), 4, '0'));
END
$$
DELIMITER ;

-- --------------------------------------------------------

--
-- Cấu trúc bảng cho bảng `hanhkiem`
--

CREATE TABLE `hanhkiem` (
  `MaHK` int(11) NOT NULL,
  `MaHS` varchar(10) NOT NULL,
  `HocKy` int(11) NOT NULL,
  `NamHoc` varchar(11) NOT NULL,
  `DiemHK` int(11) DEFAULT 100,
  `TrangThai` varchar(50) DEFAULT NULL
) ENGINE=InnoDB DEFAULT CHARSET=utf8mb4 COLLATE=utf8mb4_general_ci;

--
-- Đang đổ dữ liệu cho bảng `hanhkiem`
--

INSERT INTO `hanhkiem` (`MaHK`, `MaHS`, `HocKy`, `NamHoc`, `DiemHK`, `TrangThai`) VALUES
(1, 'HS0001', 1, '2023-2024', 100, NULL),
(2, 'HS0002', 1, '2023-2024', 100, NULL),
(3, 'HS0003', 1, '2023-2024', 100, NULL),
(4, 'HS0004', 1, '2023-2024', 100, NULL),
(5, 'HS0005', 1, '2023-2024', 100, NULL),
(6, 'HS0006', 1, '2023-2024', 100, NULL),
(7, 'HS0007', 1, '2023-2024', 100, NULL),
(8, 'HS0008', 1, '2023-2024', 100, NULL),
(9, 'HS0009', 1, '2023-2024', 100, NULL),
(10, 'HS0010', 1, '2023-2024', 100, NULL),
(11, 'HS0011', 1, '2023-2024', 100, NULL),
(12, 'HS0012', 1, '2023-2024', 100, NULL),
(13, 'HS0013', 1, '2023-2024', 100, NULL),
(14, 'HS0014', 1, '2023-2024', 100, NULL),
(15, 'HS0015', 1, '2023-2024', 100, NULL),
(16, 'HS0016', 1, '2023-2024', 100, NULL),
(17, 'HS0017', 1, '2023-2024', 100, NULL),
(18, 'HS0018', 1, '2023-2024', 100, NULL),
(19, 'HS0019', 1, '2023-2024', 100, NULL),
(20, 'HS0020', 1, '2023-2024', 100, NULL),
(21, 'HS0021', 1, '2023-2024', 100, NULL),
(22, 'HS0022', 1, '2023-2024', 100, NULL),
(23, 'HS0023', 1, '2023-2024', 100, NULL),
(24, 'HS0024', 1, '2023-2024', 100, NULL),
(25, 'HS0025', 1, '2023-2024', 100, NULL),
(26, 'HS0026', 1, '2023-2024', 100, NULL),
(27, 'HS0027', 1, '2023-2024', 100, NULL),
(28, 'HS0028', 1, '2023-2024', 100, NULL),
(29, 'HS0029', 1, '2023-2024', 100, NULL),
(30, 'HS0030', 1, '2023-2024', 100, NULL),
(31, 'HS0031', 1, '2023-2024', 100, NULL),
(32, 'HS0032', 1, '2023-2024', 100, NULL),
(33, 'HS0033', 1, '2023-2024', 100, NULL),
(34, 'HS0034', 1, '2023-2024', 100, NULL),
(35, 'HS0035', 1, '2023-2024', 100, NULL),
(36, 'HS0036', 1, '2023-2024', 100, NULL),
(37, 'HS0037', 1, '2023-2024', 100, NULL),
(38, 'HS0038', 1, '2023-2024', 100, NULL),
(39, 'HS0039', 1, '2023-2024', 100, NULL),
(40, 'HS0040', 1, '2023-2024', 100, NULL),
(41, 'HS0041', 1, '2023-2024', 100, NULL),
(42, 'HS0042', 1, '2023-2024', 100, NULL),
(43, 'HS0043', 1, '2023-2024', 100, NULL),
(44, 'HS0044', 1, '2023-2024', 100, NULL),
(45, 'HS0045', 1, '2023-2024', 100, NULL),
(46, 'HS0046', 1, '2023-2024', 100, NULL),
(47, 'HS0047', 1, '2023-2024', 100, NULL),
(48, 'HS0048', 1, '2023-2024', 100, NULL),
(49, 'HS0049', 1, '2023-2024', 100, NULL),
(50, 'HS0050', 1, '2023-2024', 100, NULL),
(51, 'HS0051', 1, '2023-2024', 100, NULL),
(52, 'HS0052', 1, '2023-2024', 100, NULL),
(53, 'HS0053', 1, '2023-2024', 100, NULL),
(54, 'HS0054', 1, '2023-2024', 100, NULL),
(55, 'HS0055', 1, '2023-2024', 100, NULL),
(56, 'HS0056', 1, '2023-2024', 100, NULL),
(57, 'HS0057', 1, '2023-2024', 100, NULL),
(58, 'HS0058', 1, '2023-2024', 100, NULL),
(59, 'HS0059', 1, '2023-2024', 100, NULL),
(60, 'HS0060', 1, '2023-2024', 100, NULL),
(61, 'HS0001', 2, '2023-2024', 100, NULL),
(62, 'HS0002', 2, '2023-2024', 100, NULL),
(63, 'HS0003', 2, '2023-2024', 100, NULL),
(64, 'HS0004', 2, '2023-2024', 100, NULL),
(65, 'HS0005', 2, '2023-2024', 100, NULL),
(66, 'HS0006', 2, '2023-2024', 100, NULL),
(67, 'HS0007', 2, '2023-2024', 100, NULL),
(68, 'HS0008', 2, '2023-2024', 100, NULL),
(69, 'HS0009', 2, '2023-2024', 100, NULL),
(70, 'HS0010', 2, '2023-2024', 100, NULL),
(71, 'HS0011', 2, '2023-2024', 100, NULL),
(72, 'HS0012', 2, '2023-2024', 100, NULL),
(73, 'HS0013', 2, '2023-2024', 100, NULL),
(74, 'HS0014', 2, '2023-2024', 100, NULL),
(75, 'HS0015', 2, '2023-2024', 100, NULL),
(76, 'HS0016', 2, '2023-2024', 100, NULL),
(77, 'HS0017', 2, '2023-2024', 100, NULL),
(78, 'HS0018', 2, '2023-2024', 100, NULL),
(79, 'HS0019', 2, '2023-2024', 100, NULL),
(80, 'HS0020', 2, '2023-2024', 100, NULL),
(81, 'HS0021', 2, '2023-2024', 100, NULL),
(82, 'HS0022', 2, '2023-2024', 100, NULL),
(83, 'HS0023', 2, '2023-2024', 100, NULL),
(84, 'HS0024', 2, '2023-2024', 100, NULL),
(85, 'HS0025', 2, '2023-2024', 100, NULL),
(86, 'HS0026', 2, '2023-2024', 100, NULL),
(87, 'HS0027', 2, '2023-2024', 100, NULL),
(88, 'HS0028', 2, '2023-2024', 100, NULL),
(89, 'HS0029', 2, '2023-2024', 100, NULL),
(90, 'HS0030', 2, '2023-2024', 100, NULL),
(91, 'HS0031', 2, '2023-2024', 100, NULL),
(92, 'HS0032', 2, '2023-2024', 100, NULL),
(93, 'HS0033', 2, '2023-2024', 100, NULL),
(94, 'HS0034', 2, '2023-2024', 100, NULL),
(95, 'HS0035', 2, '2023-2024', 100, NULL),
(96, 'HS0036', 2, '2023-2024', 100, NULL),
(97, 'HS0037', 2, '2023-2024', 100, NULL),
(98, 'HS0038', 2, '2023-2024', 100, NULL),
(99, 'HS0039', 2, '2023-2024', 100, NULL),
(100, 'HS0040', 2, '2023-2024', 100, NULL),
(101, 'HS0041', 2, '2023-2024', 100, NULL),
(102, 'HS0042', 2, '2023-2024', 100, NULL),
(103, 'HS0043', 2, '2023-2024', 100, NULL),
(104, 'HS0044', 2, '2023-2024', 100, NULL),
(105, 'HS0045', 2, '2023-2024', 100, NULL),
(106, 'HS0046', 2, '2023-2024', 100, NULL),
(107, 'HS0047', 2, '2023-2024', 100, NULL),
(108, 'HS0048', 2, '2023-2024', 100, NULL),
(109, 'HS0049', 2, '2023-2024', 100, NULL),
(110, 'HS0050', 2, '2023-2024', 100, NULL),
(111, 'HS0051', 2, '2023-2024', 100, NULL),
(112, 'HS0052', 2, '2023-2024', 100, NULL),
(113, 'HS0053', 2, '2023-2024', 100, NULL),
(114, 'HS0054', 2, '2023-2024', 100, NULL),
(115, 'HS0055', 2, '2023-2024', 100, NULL),
(116, 'HS0056', 2, '2023-2024', 100, NULL),
(117, 'HS0057', 2, '2023-2024', 100, NULL),
(118, 'HS0058', 2, '2023-2024', 100, NULL),
(119, 'HS0059', 2, '2023-2024', 100, NULL),
(120, 'HS0060', 2, '2023-2024', 100, NULL),
(121, 'HS0061', 1, '2024-2025', 100, NULL),
(122, 'HS0061', 2, '2024-2025', 100, NULL),
(123, 'HS0062', 1, '2024-2025', 100, NULL),
(124, 'HS0062', 2, '2024-2025', 100, NULL),
(125, 'HS0063', 1, '2024-2025', 100, NULL),
(126, 'HS0063', 2, '2024-2025', 100, NULL),
(127, 'HS0064', 1, '2024-2025', 100, NULL),
(128, 'HS0064', 2, '2024-2025', 100, NULL),
(129, 'HS0065', 1, '2024-2025', 100, NULL),
(130, 'HS0065', 2, '2024-2025', 100, NULL),
(131, 'HS0066', 1, '2024-2025', 100, NULL),
(132, 'HS0066', 2, '2024-2025', 100, NULL),
(133, 'HS0067', 1, '2024-2025', 100, NULL),
(134, 'HS0067', 2, '2024-2025', 100, NULL),
(135, 'HS0068', 1, '2024-2025', 100, NULL),
(136, 'HS0068', 2, '2024-2025', 100, NULL),
(137, 'HS0069', 1, '2024-2025', 100, NULL),
(138, 'HS0069', 2, '2024-2025', 100, NULL),
(139, 'HS0070', 1, '2024-2025', 100, NULL),
(140, 'HS0070', 2, '2024-2025', 100, NULL),
(141, 'HS0071', 1, '2024-2025', 100, NULL),
(142, 'HS0071', 2, '2024-2025', 100, NULL),
(143, 'HS0072', 1, '2024-2025', 100, NULL),
(144, 'HS0072', 2, '2024-2025', 100, NULL),
(145, 'HS0073', 1, '2024-2025', 100, NULL),
(146, 'HS0073', 2, '2024-2025', 100, NULL),
(147, 'HS0074', 1, '2024-2025', 100, NULL),
(148, 'HS0074', 2, '2024-2025', 100, NULL),
(149, 'HS0075', 1, '2024-2025', 100, NULL),
(150, 'HS0075', 2, '2024-2025', 100, NULL),
(151, 'HS0076', 1, '2024-2025', 100, NULL),
(152, 'HS0076', 2, '2024-2025', 100, NULL),
(153, 'HS0077', 1, '2024-2025', 100, NULL),
(154, 'HS0077', 2, '2024-2025', 100, NULL),
(155, 'HS0078', 1, '2024-2025', 100, NULL),
(156, 'HS0078', 2, '2024-2025', 100, NULL),
(157, 'HS0079', 1, '2024-2025', 100, NULL),
(158, 'HS0079', 2, '2024-2025', 100, NULL),
(159, 'HS0080', 1, '2024-2025', 100, NULL),
(160, 'HS0080', 2, '2024-2025', 100, NULL),
(161, 'HS0081', 1, '2024-2025', 100, NULL),
(162, 'HS0081', 2, '2024-2025', 100, NULL),
(163, 'HS0082', 1, '2024-2025', 100, NULL),
(164, 'HS0082', 2, '2024-2025', 100, NULL),
(165, 'HS0083', 1, '2024-2025', 100, NULL),
(166, 'HS0083', 2, '2024-2025', 100, NULL),
(167, 'HS0084', 1, '2024-2025', 100, NULL),
(168, 'HS0084', 2, '2024-2025', 100, NULL),
(169, 'HS0085', 1, '2024-2025', 100, NULL),
(170, 'HS0085', 2, '2024-2025', 100, NULL),
(171, 'HS0086', 1, '2024-2025', 100, NULL),
(172, 'HS0086', 2, '2024-2025', 100, NULL),
(173, 'HS0087', 1, '2024-2025', 100, NULL),
(174, 'HS0087', 2, '2024-2025', 100, NULL),
(175, 'HS0088', 1, '2024-2025', 100, NULL),
(176, 'HS0088', 2, '2024-2025', 100, NULL),
(177, 'HS0089', 1, '2024-2025', 100, NULL),
(178, 'HS0089', 2, '2024-2025', 100, NULL),
(179, 'HS0090', 1, '2024-2025', 100, NULL),
(180, 'HS0090', 2, '2024-2025', 100, NULL),
(181, 'HS0091', 1, '2024-2025', 100, NULL),
(182, 'HS0091', 2, '2024-2025', 100, NULL),
(183, 'HS0092', 1, '2024-2025', 100, NULL),
(184, 'HS0092', 2, '2024-2025', 100, NULL),
(185, 'HS0093', 1, '2024-2025', 100, NULL),
(186, 'HS0093', 2, '2024-2025', 100, NULL),
(187, 'HS0094', 1, '2024-2025', 100, NULL),
(188, 'HS0094', 2, '2024-2025', 100, NULL),
(189, 'HS0095', 1, '2024-2025', 100, NULL),
(190, 'HS0095', 2, '2024-2025', 100, NULL),
(191, 'HS0096', 1, '2024-2025', 100, NULL),
(192, 'HS0096', 2, '2024-2025', 100, NULL),
(193, 'HS0097', 1, '2024-2025', 100, NULL),
(194, 'HS0097', 2, '2024-2025', 100, NULL),
(195, 'HS0098', 1, '2024-2025', 100, NULL),
(196, 'HS0098', 2, '2024-2025', 100, NULL),
(197, 'HS0099', 1, '2024-2025', 100, NULL),
(198, 'HS0099', 2, '2024-2025', 100, NULL),
(199, 'HS0100', 1, '2024-2025', 100, NULL),
(200, 'HS0100', 2, '2024-2025', 100, NULL),
(201, 'HS0101', 1, '2024-2025', 100, NULL),
(202, 'HS0101', 2, '2024-2025', 100, NULL),
(203, 'HS0102', 1, '2024-2025', 100, NULL),
(204, 'HS0102', 2, '2024-2025', 100, NULL),
(205, 'HS0103', 1, '2024-2025', 100, NULL),
(206, 'HS0103', 2, '2024-2025', 100, NULL),
(207, 'HS0104', 1, '2024-2025', 100, NULL),
(208, 'HS0104', 2, '2024-2025', 100, NULL),
(209, 'HS0105', 1, '2024-2025', 100, NULL),
(210, 'HS0105', 2, '2024-2025', 100, NULL),
(211, 'HS0106', 1, '2024-2025', 100, NULL),
(212, 'HS0106', 2, '2024-2025', 100, NULL),
(213, 'HS0107', 1, '2024-2025', 100, NULL),
(214, 'HS0107', 2, '2024-2025', 100, NULL),
(215, 'HS0108', 1, '2024-2025', 100, NULL),
(216, 'HS0108', 2, '2024-2025', 100, NULL),
(217, 'HS0109', 1, '2024-2025', 100, NULL),
(218, 'HS0109', 2, '2024-2025', 100, NULL),
(219, 'HS0110', 1, '2024-2025', 100, NULL),
(220, 'HS0110', 2, '2024-2025', 100, NULL),
(221, 'HS0111', 1, '2024-2025', 100, NULL),
(222, 'HS0111', 2, '2024-2025', 100, NULL),
(223, 'HS0112', 1, '2024-2025', 100, NULL),
(224, 'HS0112', 2, '2024-2025', 100, NULL),
(225, 'HS0113', 1, '2024-2025', 100, NULL),
(226, 'HS0113', 2, '2024-2025', 100, NULL),
(227, 'HS0114', 1, '2024-2025', 100, NULL),
(228, 'HS0114', 2, '2024-2025', 100, NULL),
(229, 'HS0115', 1, '2024-2025', 100, NULL),
(230, 'HS0115', 2, '2024-2025', 100, NULL),
(231, 'HS0116', 1, '2024-2025', 100, NULL),
(232, 'HS0116', 2, '2024-2025', 100, NULL),
(233, 'HS0117', 1, '2024-2025', 100, NULL),
(234, 'HS0117', 2, '2024-2025', 100, NULL),
(235, 'HS0118', 1, '2024-2025', 100, NULL),
(236, 'HS0118', 2, '2024-2025', 100, NULL),
(237, 'HS0119', 1, '2024-2025', 100, NULL),
(238, 'HS0119', 2, '2024-2025', 100, NULL),
(239, 'HS0120', 1, '2024-2025', 100, NULL),
(240, 'HS0120', 2, '2024-2025', 100, NULL),
(241, 'HS0121', 1, '2024-2025', 100, NULL),
(242, 'HS0121', 2, '2024-2025', 100, NULL),
(243, 'HS0122', 1, '2024-2025', 100, NULL),
(244, 'HS0122', 2, '2024-2025', 100, NULL),
(245, 'HS0123', 1, '2024-2025', 100, NULL),
(246, 'HS0123', 2, '2024-2025', 100, NULL),
(247, 'HS0124', 1, '2024-2025', 100, NULL),
(248, 'HS0124', 2, '2024-2025', 100, NULL),
(249, 'HS0125', 1, '2024-2025', 100, NULL),
(250, 'HS0125', 2, '2024-2025', 100, NULL),
(251, 'HS0126', 1, '2024-2025', 100, NULL),
(252, 'HS0126', 2, '2024-2025', 100, NULL),
(253, 'HS0127', 1, '2024-2025', 100, NULL),
(254, 'HS0127', 2, '2024-2025', 100, NULL),
(255, 'HS0128', 1, '2024-2025', 100, NULL),
(256, 'HS0128', 2, '2024-2025', 100, NULL),
(257, 'HS0129', 1, '2024-2025', 100, NULL),
(258, 'HS0129', 2, '2024-2025', 100, NULL),
(259, 'HS0130', 1, '2024-2025', 100, NULL),
(260, 'HS0130', 2, '2024-2025', 100, NULL),
(261, 'HS0001', 1, '2024-2025', 100, NULL),
(262, 'HS0001', 2, '2024-2025', 100, NULL),
(263, 'HS0002', 1, '2024-2025', 100, NULL),
(264, 'HS0002', 2, '2024-2025', 100, NULL),
(265, 'HS0003', 1, '2024-2025', 100, NULL),
(266, 'HS0003', 2, '2024-2025', 100, NULL),
(267, 'HS0004', 1, '2024-2025', 100, NULL),
(268, 'HS0004', 2, '2024-2025', 100, NULL),
(269, 'HS0005', 1, '2024-2025', 100, NULL),
(270, 'HS0005', 2, '2024-2025', 100, NULL),
(271, 'HS0006', 1, '2024-2025', 100, NULL),
(272, 'HS0006', 2, '2024-2025', 100, NULL),
(273, 'HS0007', 1, '2024-2025', 100, NULL),
(274, 'HS0007', 2, '2024-2025', 100, NULL),
(275, 'HS0008', 1, '2024-2025', 100, NULL),
(276, 'HS0008', 2, '2024-2025', 100, NULL),
(277, 'HS0009', 1, '2024-2025', 100, NULL),
(278, 'HS0009', 2, '2024-2025', 100, NULL),
(279, 'HS0010', 1, '2024-2025', 100, NULL),
(280, 'HS0010', 2, '2024-2025', 100, NULL),
(281, 'HS0011', 1, '2024-2025', 100, NULL),
(282, 'HS0011', 2, '2024-2025', 100, NULL),
(283, 'HS0012', 1, '2024-2025', 100, NULL),
(284, 'HS0012', 2, '2024-2025', 100, NULL),
(285, 'HS0013', 1, '2024-2025', 100, NULL),
(286, 'HS0013', 2, '2024-2025', 100, NULL),
(287, 'HS0014', 1, '2024-2025', 100, NULL),
(288, 'HS0014', 2, '2024-2025', 100, NULL),
(289, 'HS0015', 1, '2024-2025', 100, NULL),
(290, 'HS0015', 2, '2024-2025', 100, NULL),
(291, 'HS0016', 1, '2024-2025', 100, NULL),
(292, 'HS0016', 2, '2024-2025', 100, NULL),
(293, 'HS0017', 1, '2024-2025', 100, NULL),
(294, 'HS0017', 2, '2024-2025', 100, NULL),
(295, 'HS0018', 1, '2024-2025', 100, NULL),
(296, 'HS0018', 2, '2024-2025', 100, NULL),
(297, 'HS0019', 1, '2024-2025', 100, NULL),
(298, 'HS0019', 2, '2024-2025', 100, NULL),
(299, 'HS0020', 1, '2024-2025', 100, NULL),
(300, 'HS0020', 2, '2024-2025', 100, NULL),
(301, 'HS0021', 1, '2024-2025', 100, NULL),
(302, 'HS0021', 2, '2024-2025', 100, NULL),
(303, 'HS0022', 1, '2024-2025', 100, NULL),
(304, 'HS0022', 2, '2024-2025', 100, NULL),
(305, 'HS0023', 1, '2024-2025', 100, NULL),
(306, 'HS0023', 2, '2024-2025', 100, NULL),
(307, 'HS0024', 1, '2024-2025', 100, NULL),
(308, 'HS0024', 2, '2024-2025', 100, NULL),
(309, 'HS0025', 1, '2024-2025', 100, NULL),
(310, 'HS0025', 2, '2024-2025', 100, NULL),
(311, 'HS0026', 1, '2024-2025', 100, NULL),
(312, 'HS0026', 2, '2024-2025', 100, NULL),
(313, 'HS0027', 1, '2024-2025', 100, NULL),
(314, 'HS0027', 2, '2024-2025', 100, NULL),
(315, 'HS0028', 1, '2024-2025', 100, NULL),
(316, 'HS0028', 2, '2024-2025', 100, NULL),
(317, 'HS0029', 1, '2024-2025', 100, NULL),
(318, 'HS0029', 2, '2024-2025', 100, NULL),
(319, 'HS0030', 1, '2024-2025', 100, NULL),
(320, 'HS0030', 2, '2024-2025', 100, NULL),
(321, 'HS0031', 1, '2024-2025', 100, NULL),
(322, 'HS0031', 2, '2024-2025', 100, NULL),
(323, 'HS0032', 1, '2024-2025', 100, NULL),
(324, 'HS0032', 2, '2024-2025', 100, NULL),
(325, 'HS0033', 1, '2024-2025', 100, NULL),
(326, 'HS0033', 2, '2024-2025', 100, NULL),
(327, 'HS0034', 1, '2024-2025', 100, NULL),
(328, 'HS0034', 2, '2024-2025', 100, NULL),
(329, 'HS0035', 1, '2024-2025', 100, NULL),
(330, 'HS0035', 2, '2024-2025', 100, NULL),
(331, 'HS0036', 1, '2024-2025', 100, NULL),
(332, 'HS0036', 2, '2024-2025', 100, NULL),
(333, 'HS0037', 1, '2024-2025', 100, NULL),
(334, 'HS0037', 2, '2024-2025', 100, NULL),
(335, 'HS0038', 1, '2024-2025', 100, NULL),
(336, 'HS0038', 2, '2024-2025', 100, NULL),
(337, 'HS0039', 1, '2024-2025', 100, NULL),
(338, 'HS0039', 2, '2024-2025', 100, NULL),
(339, 'HS0040', 1, '2024-2025', 100, NULL),
(340, 'HS0040', 2, '2024-2025', 100, NULL);

-- --------------------------------------------------------

--
-- Cấu trúc bảng cho bảng `hocsinh`
--

CREATE TABLE `hocsinh` (
  `MaHS` varchar(10) NOT NULL,
  `MaTK` int(11) DEFAULT NULL,
  `DanToc` varchar(50) DEFAULT NULL,
  `NoiSinh` varchar(100) DEFAULT NULL,
  `TinhTrang` enum('Đang học','Mới tiếp nhận','Nghỉ học') DEFAULT NULL
) ENGINE=InnoDB DEFAULT CHARSET=utf8mb4 COLLATE=utf8mb4_general_ci;

--
-- Đang đổ dữ liệu cho bảng `hocsinh`
--

INSERT INTO `hocsinh` (`MaHS`, `MaTK`, `DanToc`, `NoiSinh`, `TinhTrang`) VALUES
('HS0001', 23, 'Kinh', 'Hồ Chí Minh', 'Đang học'),
('HS0002', 24, 'Kinh', 'Hồ Chí Minh', 'Đang học'),
('HS0003', 25, 'Kinh', 'Hồ Chí Minh', 'Đang học'),
('HS0004', 26, 'Tày', 'Lào Cai', 'Đang học'),
('HS0005', 27, 'Mường', 'Hòa Bình', 'Đang học'),
('HS0006', 28, 'Kinh', 'Đà Nẵng', 'Đang học'),
('HS0007', 29, 'Khmer', 'Trà Vinh', 'Đang học'),
('HS0008', 30, 'Tày', 'Lạng Sơn', 'Đang học'),
('HS0009', 31, 'Mường', 'Sơn La', 'Đang học'),
('HS0010', 32, 'Kinh', 'Cần Thơ', 'Đang học'),
('HS0011', 33, 'Tày', 'Hòa Bình', 'Đang học'),
('HS0012', 34, 'Kinh', 'Hà Nội', 'Đang học'),
('HS0013', 35, 'Tày', 'Lạng Sơn', 'Đang học'),
('HS0014', 36, 'Khmer', 'Sóc Trăng', 'Đang học'),
('HS0015', 37, 'Kinh', 'Hà Nội', 'Đang học'),
('HS0016', 38, 'Mường', 'Thanh Hóa', 'Đang học'),
('HS0017', 39, 'Kinh', 'Quảng Ninh', 'Đang học'),
('HS0018', 40, 'Khmer', 'Bạc Liêu', 'Đang học'),
('HS0019', 41, 'Kinh', 'Hồ Chí Minh', 'Đang học'),
('HS0020', 42, 'Tày', 'Quảng Ninh', 'Đang học'),
('HS0021', 43, 'Mường', 'Nghệ An', 'Đang học'),
('HS0022', 44, 'Kinh', 'Hải Phòng', 'Đang học'),
('HS0023', 45, 'Khmer', 'An Giang', 'Đang học'),
('HS0024', 46, 'Kinh', 'Đắk Lắk', 'Đang học'),
('HS0025', 47, 'Tày', 'Lào Cai', 'Đang học'),
('HS0026', 48, 'Mường', 'Sơn La', 'Đang học'),
('HS0027', 49, 'Khmer', 'Tiền Giang', 'Đang học'),
('HS0028', 50, 'Tày', 'Lạng Sơn', 'Đang học'),
('HS0029', 51, 'Kinh', 'Ninh Bình', 'Đang học'),
('HS0030', 52, 'Khmer', 'Hà Giang', 'Đang học'),
('HS0031', 53, 'Mường', 'Bình Phước', 'Đang học'),
('HS0032', 54, 'Kinh', 'Đắk Nông', 'Đang học'),
('HS0033', 55, 'Tày', 'Thái Nguyên', 'Đang học'),
('HS0034', 56, 'Kinh', 'Kon Tum', 'Đang học'),
('HS0035', 57, 'Khmer', 'Vĩnh Long', 'Đang học'),
('HS0036', 58, 'Mường', 'Phú Thọ', 'Đang học'),
('HS0037', 59, 'Kinh', 'Bình Định', 'Đang học'),
('HS0038', 60, 'Khmer', 'Cà Mau', 'Đang học'),
('HS0039', 61, 'Tày', 'Hà Giang', 'Đang học'),
('HS0040', 62, 'Mường', 'Nghệ An', 'Đang học'),
('HS0041', 73, 'Kinh', 'Hồ Chí Minh', 'Đang học'),
('HS0042', 74, 'Kinh', 'Hồ Chí Minh', 'Đang học'),
('HS0043', 75, 'Kinh', 'Hồ Chí Minh', 'Đang học'),
('HS0044', 76, 'Kinh', 'Hồ Chí Minh', 'Đang học'),
('HS0045', 77, 'Kinh', 'Hồ Chí Minh', 'Đang học'),
('HS0046', 78, 'Kinh', 'Hồ Chí Minh', 'Đang học'),
('HS0047', 79, 'Kinh', 'Hồ Chí Minh', 'Đang học'),
('HS0048', 80, 'Kinh', 'Hồ Chí Minh', 'Đang học'),
('HS0049', 81, 'Kinh', 'Hồ Chí Minh', 'Đang học'),
('HS0050', 82, 'Kinh', 'Hồ Chí Minh', 'Đang học'),
('HS0051', 83, 'Kinh', 'Hồ Chí Minh', 'Đang học'),
('HS0052', 84, 'Kinh', 'Hồ Chí Minh', 'Đang học'),
('HS0053', 85, 'Kinh', 'Hồ Chí Minh', 'Đang học'),
('HS0054', 86, 'Kinh', 'Hồ Chí Minh', 'Đang học'),
('HS0055', 87, 'Kinh', 'Hồ Chí Minh', 'Đang học'),
('HS0056', 88, 'Kinh', 'Hồ Chí Minh', 'Đang học'),
('HS0057', 89, 'Kinh', 'Hồ Chí Minh', 'Đang học'),
('HS0058', 90, 'Kinh', 'Hồ Chí Minh', 'Đang học'),
('HS0059', 91, 'Kinh', 'Hồ Chí Minh', 'Đang học'),
('HS0060', 92, 'Kinh', 'Hồ Chí Minh', 'Đang học'),
('HS0061', 93, 'Kinh', 'Hồ Chí Minh', 'Đang học'),
('HS0062', 94, 'Kinh', 'Hồ Chí Minh', 'Đang học'),
('HS0063', 95, 'Kinh', 'Hồ Chí Minh', 'Đang học'),
('HS0064', 96, 'Kinh', 'Hồ Chí Minh', 'Đang học'),
('HS0065', 97, 'Kinh', 'Hồ Chí Minh', 'Đang học'),
('HS0066', 98, 'Kinh', 'Hồ Chí Minh', 'Đang học'),
('HS0067', 99, 'Kinh', 'Hồ Chí Minh', 'Đang học'),
('HS0068', 100, 'Kinh', 'Hồ Chí Minh', 'Đang học'),
('HS0069', 101, 'Kinh', 'Hồ Chí Minh', 'Đang học'),
('HS0070', 102, 'Kinh', 'Hồ Chí Minh', 'Đang học'),
('HS0071', 103, 'Kinh', 'Hồ Chí Minh', 'Đang học'),
('HS0072', 104, 'Kinh', 'Hồ Chí Minh', 'Đang học'),
('HS0073', 105, 'Kinh', 'Hồ Chí Minh', 'Đang học'),
('HS0074', 106, 'Kinh', 'Hồ Chí Minh', 'Đang học'),
('HS0075', 107, 'Kinh', 'Hồ Chí Minh', 'Đang học'),
('HS0076', 108, 'Kinh', 'Hồ Chí Minh', 'Đang học'),
('HS0077', 109, 'Kinh', 'Hồ Chí Minh', 'Đang học'),
('HS0078', 110, 'Kinh', 'Hồ Chí Minh', 'Đang học'),
('HS0079', 111, 'Kinh', 'Hồ Chí Minh', 'Đang học'),
('HS0080', 112, 'Kinh', 'Hồ Chí Minh', 'Đang học'),
('HS0081', 113, 'Kinh', 'Hồ Chí Minh', 'Đang học'),
('HS0082', 114, 'Kinh', 'Hồ Chí Minh', 'Đang học'),
('HS0083', 115, 'Kinh', 'Hồ Chí Minh', 'Đang học'),
('HS0084', 116, 'Kinh', 'Hồ Chí Minh', 'Đang học'),
('HS0085', 117, 'Kinh', 'Hồ Chí Minh', 'Đang học'),
('HS0086', 118, 'Kinh', 'Hồ Chí Minh', 'Đang học'),
('HS0087', 119, 'Kinh', 'Hồ Chí Minh', 'Đang học'),
('HS0088', 120, 'Kinh', 'Hồ Chí Minh', 'Đang học'),
('HS0089', 121, 'Kinh', 'Hồ Chí Minh', 'Đang học'),
('HS0090', 122, 'Kinh', 'Hồ Chí Minh', 'Đang học'),
('HS0091', 123, 'Kinh', 'Hồ Chí Minh', 'Đang học'),
('HS0092', 124, 'Kinh', 'Hồ Chí Minh', 'Đang học'),
('HS0093', 125, 'Kinh', 'Hồ Chí Minh', 'Đang học'),
('HS0094', 126, 'Kinh', 'Hồ Chí Minh', 'Đang học'),
('HS0095', 127, 'Kinh', 'Hồ Chí Minh', 'Đang học'),
('HS0096', 128, 'Kinh', 'Hồ Chí Minh', 'Đang học'),
('HS0097', 129, 'Kinh', 'Hồ Chí Minh', 'Đang học'),
('HS0098', 130, 'Kinh', 'Hồ Chí Minh', 'Đang học'),
('HS0099', 131, 'Kinh', 'Hồ Chí Minh', 'Đang học'),
('HS0100', 132, 'Kinh', 'Hồ Chí Minh', 'Đang học'),
('HS0101', 133, 'Kinh', 'Hồ Chí Minh', 'Đang học'),
('HS0102', 134, 'Kinh', 'Hồ Chí Minh', 'Đang học'),
('HS0103', 135, 'Kinh', 'Hồ Chí Minh', 'Đang học'),
('HS0104', 136, 'Kinh', 'Hồ Chí Minh', 'Đang học'),
('HS0105', 137, 'Kinh', 'Hồ Chí Minh', 'Đang học'),
('HS0106', 138, 'Kinh', 'Hồ Chí Minh', 'Đang học'),
('HS0107', 139, 'Kinh', 'Hồ Chí Minh', 'Đang học'),
('HS0108', 140, 'Kinh', 'Hồ Chí Minh', 'Đang học'),
('HS0109', 141, 'Kinh', 'Hồ Chí Minh', 'Đang học'),
('HS0110', 142, 'Kinh', 'Hồ Chí Minh', 'Đang học'),
('HS0111', 143, 'Kinh', 'Hồ Chí Minh', 'Đang học'),
('HS0112', 144, 'Kinh', 'Hồ Chí Minh', 'Đang học'),
('HS0113', 145, 'Kinh', 'Hồ Chí Minh', 'Đang học'),
('HS0114', 146, 'Kinh', 'Hồ Chí Minh', 'Đang học'),
('HS0115', 147, 'Kinh', 'Hồ Chí Minh', 'Đang học'),
('HS0116', 148, 'Kinh', 'Hồ Chí Minh', 'Đang học'),
('HS0117', 149, 'Kinh', 'Hồ Chí Minh', 'Đang học'),
('HS0118', 150, 'Kinh', 'Hồ Chí Minh', 'Đang học'),
('HS0119', 151, 'Kinh', 'Hồ Chí Minh', 'Đang học'),
('HS0120', 152, 'Kinh', 'Hồ Chí Minh', 'Đang học'),
('HS0121', 153, 'Kinh', 'Hồ Chí Minh', 'Đang học'),
('HS0122', 154, 'Kinh', 'Hồ Chí Minh', 'Đang học'),
('HS0123', 155, 'Kinh', 'Hồ Chí Minh', 'Đang học'),
('HS0124', 156, 'Kinh', 'Hồ Chí Minh', 'Đang học'),
('HS0125', 157, 'Kinh', 'Hồ Chí Minh', 'Đang học'),
('HS0126', 158, 'Kinh', 'Hồ Chí Minh', 'Đang học'),
('HS0127', 159, 'Kinh', 'Hồ Chí Minh', 'Đang học'),
('HS0128', 160, 'Kinh', 'Hồ Chí Minh', 'Đang học'),
('HS0129', 161, 'Kinh', 'Hồ Chí Minh', 'Đang học'),
('HS0130', 162, 'Kinh', 'Hồ Chí Minh', 'Đang học'),
('HS0131', 163, 'Kinh', 'Hồ Chí Minh', 'Mới tiếp nhận'),
('HS0132', 164, 'Kinh', 'Hồ Chí Minh', 'Mới tiếp nhận'),
('HS0133', 165, 'Kinh', 'Hồ Chí Minh', 'Mới tiếp nhận'),
('HS0134', 166, 'Kinh', 'Hồ Chí Minh', 'Mới tiếp nhận'),
('HS0135', 167, 'Kinh', 'Hồ Chí Minh', 'Mới tiếp nhận'),
('HS0136', 168, 'Kinh', 'Hồ Chí Minh', 'Mới tiếp nhận'),
('HS0137', 169, 'Kinh', 'Hồ Chí Minh', 'Mới tiếp nhận'),
('HS0138', 170, 'Kinh', 'Hồ Chí Minh', 'Mới tiếp nhận'),
('HS0139', 171, 'Kinh', 'Hồ Chí Minh', 'Mới tiếp nhận'),
('HS0140', 172, 'Kinh', 'Hồ Chí Minh', 'Mới tiếp nhận');

--
-- Bẫy `hocsinh`
--
DELIMITER $$
CREATE TRIGGER `trg_HS_BeforeInsert` BEFORE INSERT ON `hocsinh` FOR EACH ROW BEGIN
    SET NEW.MaHS = CONCAT('HS', LPAD((SELECT IFNULL(MAX(CAST(SUBSTRING(MaHS, 3) AS UNSIGNED)), 0) + 1 FROM HOCSINH), 4, '0'));
END
$$
DELIMITER ;

-- --------------------------------------------------------

--
-- Cấu trúc bảng cho bảng `hocsinh_lop`
--

CREATE TABLE `hocsinh_lop` (
  `MaHS` varchar(10) DEFAULT NULL,
  `MaLop` int(11) DEFAULT NULL,
  `NamHoc` varchar(10) DEFAULT NULL
) ENGINE=InnoDB DEFAULT CHARSET=utf8mb4 COLLATE=utf8mb4_general_ci;

--
-- Đang đổ dữ liệu cho bảng `hocsinh_lop`
--

INSERT INTO `hocsinh_lop` (`MaHS`, `MaLop`, `NamHoc`) VALUES
('HS0001', 1, '2023-2024'),
('HS0002', 1, '2023-2024'),
('HS0003', 1, '2023-2024'),
('HS0004', 1, '2023-2024'),
('HS0005', 1, '2023-2024'),
('HS0006', 1, '2023-2024'),
('HS0007', 1, '2023-2024'),
('HS0008', 1, '2023-2024'),
('HS0009', 1, '2023-2024'),
('HS0010', 1, '2023-2024'),
('HS0011', 2, '2023-2024'),
('HS0012', 2, '2023-2024'),
('HS0013', 2, '2023-2024'),
('HS0014', 2, '2023-2024'),
('HS0015', 2, '2023-2024'),
('HS0016', 2, '2023-2024'),
('HS0017', 2, '2023-2024'),
('HS0018', 2, '2023-2024'),
('HS0019', 2, '2023-2024'),
('HS0020', 2, '2023-2024'),
('HS0021', 3, '2023-2024'),
('HS0022', 3, '2023-2024'),
('HS0023', 3, '2023-2024'),
('HS0024', 3, '2023-2024'),
('HS0025', 3, '2023-2024'),
('HS0026', 3, '2023-2024'),
('HS0027', 3, '2023-2024'),
('HS0028', 3, '2023-2024'),
('HS0029', 3, '2023-2024'),
('HS0030', 3, '2023-2024'),
('HS0031', 4, '2023-2024'),
('HS0032', 4, '2023-2024'),
('HS0033', 4, '2023-2024'),
('HS0034', 4, '2023-2024'),
('HS0035', 4, '2023-2024'),
('HS0036', 4, '2023-2024'),
('HS0037', 4, '2023-2024'),
('HS0038', 4, '2023-2024'),
('HS0039', 4, '2023-2024'),
('HS0040', 4, '2023-2024'),
('HS0041', 5, '2023-2024'),
('HS0042', 5, '2023-2024'),
('HS0043', 5, '2023-2024'),
('HS0044', 5, '2023-2024'),
('HS0045', 5, '2023-2024'),
('HS0046', 5, '2023-2024'),
('HS0047', 5, '2023-2024'),
('HS0048', 5, '2023-2024'),
('HS0049', 5, '2023-2024'),
('HS0050', 5, '2023-2024'),
('HS0051', 6, '2023-2024'),
('HS0052', 6, '2023-2024'),
('HS0053', 6, '2023-2024'),
('HS0054', 6, '2023-2024'),
('HS0055', 6, '2023-2024'),
('HS0056', 6, '2023-2024'),
('HS0057', 6, '2023-2024'),
('HS0058', 6, '2023-2024'),
('HS0059', 6, '2023-2024'),
('HS0060', 6, '2023-2024'),
('HS0061', 1, '2024-2025'),
('HS0062', 1, '2024-2025'),
('HS0063', 1, '2024-2025'),
('HS0064', 1, '2024-2025'),
('HS0065', 1, '2024-2025'),
('HS0066', 1, '2024-2025'),
('HS0067', 1, '2024-2025'),
('HS0068', 1, '2024-2025'),
('HS0069', 1, '2024-2025'),
('HS0070', 1, '2024-2025'),
('HS0071', 1, '2024-2025'),
('HS0072', 1, '2024-2025'),
('HS0073', 1, '2024-2025'),
('HS0074', 1, '2024-2025'),
('HS0075', 1, '2024-2025'),
('HS0076', 1, '2024-2025'),
('HS0077', 1, '2024-2025'),
('HS0078', 1, '2024-2025'),
('HS0079', 1, '2024-2025'),
('HS0080', 1, '2024-2025'),
('HS0081', 1, '2024-2025'),
('HS0082', 1, '2024-2025'),
('HS0083', 1, '2024-2025'),
('HS0084', 1, '2024-2025'),
('HS0085', 1, '2024-2025'),
('HS0086', 1, '2024-2025'),
('HS0087', 1, '2024-2025'),
('HS0088', 1, '2024-2025'),
('HS0089', 1, '2024-2025'),
('HS0090', 1, '2024-2025'),
('HS0091', 1, '2024-2025'),
('HS0092', 1, '2024-2025'),
('HS0093', 1, '2024-2025'),
('HS0094', 1, '2024-2025'),
('HS0095', 1, '2024-2025'),
('HS0096', 2, '2024-2025'),
('HS0097', 2, '2024-2025'),
('HS0098', 2, '2024-2025'),
('HS0099', 2, '2024-2025'),
('HS0100', 2, '2024-2025'),
('HS0101', 2, '2024-2025'),
('HS0102', 2, '2024-2025'),
('HS0103', 2, '2024-2025'),
('HS0104', 2, '2024-2025'),
('HS0105', 2, '2024-2025'),
('HS0106', 2, '2024-2025'),
('HS0107', 2, '2024-2025'),
('HS0108', 2, '2024-2025'),
('HS0109', 2, '2024-2025'),
('HS0110', 2, '2024-2025'),
('HS0111', 2, '2024-2025'),
('HS0112', 2, '2024-2025'),
('HS0113', 2, '2024-2025'),
('HS0114', 2, '2024-2025'),
('HS0115', 2, '2024-2025'),
('HS0116', 2, '2024-2025'),
('HS0117', 2, '2024-2025'),
('HS0118', 2, '2024-2025'),
('HS0119', 2, '2024-2025'),
('HS0120', 2, '2024-2025'),
('HS0121', 2, '2024-2025'),
('HS0122', 2, '2024-2025'),
('HS0123', 2, '2024-2025'),
('HS0124', 2, '2024-2025'),
('HS0125', 2, '2024-2025'),
('HS0126', 2, '2024-2025'),
('HS0127', 2, '2024-2025'),
('HS0128', 2, '2024-2025'),
('HS0129', 2, '2024-2025'),
('HS0130', 2, '2024-2025'),
('HS0001', 3, '2024-2025'),
('HS0002', 3, '2024-2025'),
('HS0003', 3, '2024-2025'),
('HS0004', 3, '2024-2025'),
('HS0005', 3, '2024-2025'),
('HS0006', 3, '2024-2025'),
('HS0007', 3, '2024-2025'),
('HS0008', 3, '2024-2025'),
('HS0009', 3, '2024-2025'),
('HS0010', 3, '2024-2025'),
('HS0011', 4, '2024-2025'),
('HS0012', 4, '2024-2025'),
('HS0013', 4, '2024-2025'),
('HS0014', 4, '2024-2025'),
('HS0015', 4, '2024-2025'),
('HS0016', 4, '2024-2025'),
('HS0017', 4, '2024-2025'),
('HS0018', 4, '2024-2025'),
('HS0019', 4, '2024-2025'),
('HS0020', 4, '2024-2025'),
('HS0021', 5, '2024-2025'),
('HS0022', 5, '2024-2025'),
('HS0023', 5, '2024-2025'),
('HS0024', 5, '2024-2025'),
('HS0025', 5, '2024-2025'),
('HS0026', 5, '2024-2025'),
('HS0027', 5, '2024-2025'),
('HS0028', 5, '2024-2025'),
('HS0029', 5, '2024-2025'),
('HS0030', 5, '2024-2025'),
('HS0031', 6, '2024-2025'),
('HS0032', 6, '2024-2025'),
('HS0033', 6, '2024-2025'),
('HS0034', 6, '2024-2025'),
('HS0035', 6, '2024-2025'),
('HS0036', 6, '2024-2025'),
('HS0037', 6, '2024-2025'),
('HS0038', 6, '2024-2025'),
('HS0039', 6, '2024-2025'),
('HS0040', 6, '2024-2025');

-- --------------------------------------------------------

--
-- Cấu trúc bảng cho bảng `loaivipham`
--

CREATE TABLE `loaivipham` (
  `MaLVP` int(11) NOT NULL,
  `TenLVP` varchar(255) DEFAULT NULL,
  `DiemTru` float DEFAULT NULL
) ENGINE=InnoDB DEFAULT CHARSET=utf8mb4 COLLATE=utf8mb4_general_ci;

--
-- Đang đổ dữ liệu cho bảng `loaivipham`
--

INSERT INTO `loaivipham` (`MaLVP`, `TenLVP`, `DiemTru`) VALUES
(1, 'Đi trễ', 1),
(2, 'Không mang đồng phục', 1),
(3, 'Xả rác không đúng nơi quy định', 1),
(4, 'Không làm bài tập', 2),
(5, 'Gây mất trật tự trong lớp', 2),
(6, 'Không tham gia lao động tập thể', 2),
(7, 'Sử dụng điện thoại trong giờ học', 3),
(8, 'Không tham gia hoạt động ngoại khóa bắt buộc', 3),
(9, 'Nghỉ học không phép', 5),
(10, 'Vi phạm nội quy phòng thí nghiệm', 5),
(11, 'Tự ý rời khỏi trường trong giờ học', 5),
(12, 'Che giấu vi phạm của học sinh khác', 7),
(13, 'Gian lận trong kiểm tra', 10),
(14, 'Vô lễ với giáo viên', 10),
(15, 'Hút thuốc lá trong khuôn viên trường', 15),
(16, 'Đánh nhau', 20),
(17, 'Phá hoại tài sản nhà trường', 20),
(18, 'Mang đồ nguy hiểm vào trường', 20);

-- --------------------------------------------------------

--
-- Cấu trúc bảng cho bảng `lop`
--

CREATE TABLE `lop` (
  `MaLop` int(11) NOT NULL,
  `TenLop` varchar(255) NOT NULL
) ENGINE=InnoDB DEFAULT CHARSET=utf8mb4 COLLATE=utf8mb4_general_ci;

--
-- Đang đổ dữ liệu cho bảng `lop`
--

INSERT INTO `lop` (`MaLop`, `TenLop`) VALUES
(1, '10_1'),
(2, '10_2'),
(3, '11_1'),
(4, '11_2'),
(5, '12_1'),
(6, '12_2');

-- --------------------------------------------------------

--
-- Cấu trúc bảng cho bảng `monhoc`
--

CREATE TABLE `monhoc` (
  `MaMH` int(11) NOT NULL,
  `TenMH` varchar(255) NOT NULL
) ENGINE=InnoDB DEFAULT CHARSET=utf8mb4 COLLATE=utf8mb4_general_ci;

--
-- Đang đổ dữ liệu cho bảng `monhoc`
--

INSERT INTO `monhoc` (`MaMH`, `TenMH`) VALUES
(1, 'Toán học'),
(2, 'Vật lý'),
(3, 'Hóa học'),
(4, 'Sinh học');

-- --------------------------------------------------------

--
-- Cấu trúc bảng cho bảng `phancong`
--

CREATE TABLE `phancong` (
  `MaPC` int(11) NOT NULL,
  `MaGV` varchar(10) NOT NULL,
  `MaMH` int(11) DEFAULT NULL,
  `MaLop` int(11) DEFAULT NULL,
  `HocKy` int(11) DEFAULT NULL,
  `NamHoc` varchar(10) NOT NULL,
  `VaiTro` enum('Giáo viên chủ nhiệm','Giáo viên bộ môn') NOT NULL
) ENGINE=InnoDB DEFAULT CHARSET=utf8mb4 COLLATE=utf8mb4_general_ci;

--
-- Đang đổ dữ liệu cho bảng `phancong`
--

INSERT INTO `phancong` (`MaPC`, `MaGV`, `MaMH`, `MaLop`, `HocKy`, `NamHoc`, `VaiTro`) VALUES
(1, 'GV0001', NULL, 1, NULL, '2023-2024', 'Giáo viên chủ nhiệm'),
(2, 'GV0006', NULL, 2, NULL, '2023-2024', 'Giáo viên chủ nhiệm'),
(3, 'GV0011', NULL, 3, NULL, '2023-2024', 'Giáo viên chủ nhiệm'),
(4, 'GV0004', NULL, 4, NULL, '2023-2024', 'Giáo viên chủ nhiệm'),
(5, 'GV0005', NULL, 5, NULL, '2023-2024', 'Giáo viên chủ nhiệm'),
(6, 'GV0007', NULL, 6, NULL, '2023-2024', 'Giáo viên chủ nhiệm'),
(7, 'GV0002', NULL, 1, NULL, '2024-2025', 'Giáo viên chủ nhiệm'),
(8, 'GV0005', NULL, 2, NULL, '2024-2025', 'Giáo viên chủ nhiệm'),
(9, 'GV0010', NULL, 3, NULL, '2024-2025', 'Giáo viên chủ nhiệm'),
(10, 'GV0003', NULL, 4, NULL, '2024-2025', 'Giáo viên chủ nhiệm'),
(11, 'GV0007', NULL, 5, NULL, '2024-2025', 'Giáo viên chủ nhiệm'),
(12, 'GV0012', NULL, 6, NULL, '2024-2025', 'Giáo viên chủ nhiệm'),
(13, 'GV0001', 1, 1, 1, '2023-2024', 'Giáo viên bộ môn'),
(14, 'GV0002', 2, 1, 1, '2023-2024', 'Giáo viên bộ môn'),
(15, 'GV0003', 3, 1, 1, '2023-2024', 'Giáo viên bộ môn'),
(16, 'GV0004', 4, 1, 1, '2023-2024', 'Giáo viên bộ môn'),
(17, 'GV0001', 1, 1, 2, '2023-2024', 'Giáo viên bộ môn'),
(18, 'GV0002', 2, 1, 2, '2023-2024', 'Giáo viên bộ môn'),
(19, 'GV0003', 3, 1, 2, '2023-2024', 'Giáo viên bộ môn'),
(20, 'GV0004', 4, 1, 2, '2023-2024', 'Giáo viên bộ môn'),
(21, 'GV0005', 1, 2, 1, '2023-2024', 'Giáo viên bộ môn'),
(22, 'GV0006', 2, 2, 1, '2023-2024', 'Giáo viên bộ môn'),
(23, 'GV0007', 3, 2, 1, '2023-2024', 'Giáo viên bộ môn'),
(24, 'GV0008', 4, 2, 1, '2023-2024', 'Giáo viên bộ môn'),
(25, 'GV0005', 1, 2, 2, '2023-2024', 'Giáo viên bộ môn'),
(26, 'GV0006', 2, 2, 2, '2023-2024', 'Giáo viên bộ môn'),
(27, 'GV0007', 3, 2, 2, '2023-2024', 'Giáo viên bộ môn'),
(28, 'GV0008', 4, 2, 2, '2023-2024', 'Giáo viên bộ môn'),
(29, 'GV0009', 1, 3, 1, '2023-2024', 'Giáo viên bộ môn'),
(30, 'GV0010', 2, 3, 1, '2023-2024', 'Giáo viên bộ môn'),
(31, 'GV0011', 3, 3, 1, '2023-2024', 'Giáo viên bộ môn'),
(32, 'GV0012', 4, 3, 1, '2023-2024', 'Giáo viên bộ môn'),
(33, 'GV0009', 1, 3, 2, '2023-2024', 'Giáo viên bộ môn'),
(34, 'GV0010', 2, 3, 2, '2023-2024', 'Giáo viên bộ môn'),
(35, 'GV0011', 3, 3, 2, '2023-2024', 'Giáo viên bộ môn'),
(36, 'GV0012', 4, 3, 2, '2023-2024', 'Giáo viên bộ môn'),
(37, 'GV0001', 1, 4, 1, '2023-2024', 'Giáo viên bộ môn'),
(38, 'GV0002', 2, 4, 1, '2023-2024', 'Giáo viên bộ môn'),
(39, 'GV0003', 3, 4, 1, '2023-2024', 'Giáo viên bộ môn'),
(40, 'GV0004', 4, 4, 1, '2023-2024', 'Giáo viên bộ môn'),
(41, 'GV0001', 1, 4, 2, '2023-2024', 'Giáo viên bộ môn'),
(42, 'GV0002', 2, 4, 2, '2023-2024', 'Giáo viên bộ môn'),
(43, 'GV0003', 3, 4, 2, '2023-2024', 'Giáo viên bộ môn'),
(44, 'GV0004', 4, 4, 2, '2023-2024', 'Giáo viên bộ môn'),
(45, 'GV0005', 1, 5, 1, '2023-2024', 'Giáo viên bộ môn'),
(46, 'GV0006', 2, 5, 1, '2023-2024', 'Giáo viên bộ môn'),
(47, 'GV0007', 3, 5, 1, '2023-2024', 'Giáo viên bộ môn'),
(48, 'GV0008', 4, 5, 1, '2023-2024', 'Giáo viên bộ môn'),
(49, 'GV0005', 1, 5, 2, '2023-2024', 'Giáo viên bộ môn'),
(50, 'GV0006', 2, 5, 2, '2023-2024', 'Giáo viên bộ môn'),
(51, 'GV0007', 3, 5, 2, '2023-2024', 'Giáo viên bộ môn'),
(52, 'GV0008', 4, 5, 2, '2023-2024', 'Giáo viên bộ môn'),
(53, 'GV0009', 1, 6, 1, '2023-2024', 'Giáo viên bộ môn'),
(54, 'GV0010', 2, 6, 1, '2023-2024', 'Giáo viên bộ môn'),
(55, 'GV0007', 3, 6, 1, '2023-2024', 'Giáo viên bộ môn'),
(56, 'GV0012', 4, 6, 1, '2023-2024', 'Giáo viên bộ môn'),
(57, 'GV0009', 1, 6, 2, '2023-2024', 'Giáo viên bộ môn'),
(58, 'GV0010', 2, 6, 2, '2023-2024', 'Giáo viên bộ môn'),
(59, 'GV0007', 3, 6, 2, '2023-2024', 'Giáo viên bộ môn'),
(60, 'GV0012', 4, 6, 2, '2023-2024', 'Giáo viên bộ môn'),
(61, 'GV0001', 1, 1, 1, '2024-2025', 'Giáo viên bộ môn'),
(62, 'GV0002', 2, 1, 1, '2024-2025', 'Giáo viên bộ môn'),
(63, 'GV0003', 3, 1, 1, '2024-2025', 'Giáo viên bộ môn'),
(64, 'GV0004', 4, 1, 1, '2024-2025', 'Giáo viên bộ môn'),
(65, 'GV0001', 1, 1, 2, '2024-2025', 'Giáo viên bộ môn'),
(66, 'GV0002', 2, 1, 2, '2024-2025', 'Giáo viên bộ môn'),
(67, 'GV0003', 3, 1, 2, '2024-2025', 'Giáo viên bộ môn'),
(68, 'GV0004', 4, 1, 2, '2024-2025', 'Giáo viên bộ môn'),
(69, 'GV0005', 1, 2, 1, '2024-2025', 'Giáo viên bộ môn'),
(70, 'GV0006', 2, 2, 1, '2024-2025', 'Giáo viên bộ môn'),
(71, 'GV0007', 3, 2, 1, '2024-2025', 'Giáo viên bộ môn'),
(72, 'GV0008', 4, 2, 1, '2024-2025', 'Giáo viên bộ môn'),
(73, 'GV0005', 1, 2, 2, '2024-2025', 'Giáo viên bộ môn'),
(74, 'GV0006', 2, 2, 2, '2024-2025', 'Giáo viên bộ môn'),
(75, 'GV0007', 3, 2, 2, '2024-2025', 'Giáo viên bộ môn'),
(76, 'GV0008', 4, 2, 2, '2024-2025', 'Giáo viên bộ môn'),
(77, 'GV0009', 1, 3, 1, '2024-2025', 'Giáo viên bộ môn'),
(78, 'GV0010', 2, 3, 1, '2024-2025', 'Giáo viên bộ môn'),
(79, 'GV0011', 3, 3, 1, '2024-2025', 'Giáo viên bộ môn'),
(80, 'GV0012', 4, 3, 1, '2024-2025', 'Giáo viên bộ môn'),
(81, 'GV0009', 1, 3, 2, '2024-2025', 'Giáo viên bộ môn'),
(82, 'GV0010', 2, 3, 2, '2024-2025', 'Giáo viên bộ môn'),
(83, 'GV0011', 3, 3, 2, '2024-2025', 'Giáo viên bộ môn'),
(84, 'GV0012', 4, 3, 2, '2024-2025', 'Giáo viên bộ môn'),
(85, 'GV0001', 1, 4, 1, '2024-2025', 'Giáo viên bộ môn'),
(86, 'GV0002', 2, 4, 1, '2024-2025', 'Giáo viên bộ môn'),
(87, 'GV0003', 3, 4, 1, '2024-2025', 'Giáo viên bộ môn'),
(88, 'GV0004', 4, 4, 1, '2024-2025', 'Giáo viên bộ môn'),
(89, 'GV0001', 1, 4, 2, '2024-2025', 'Giáo viên bộ môn'),
(90, 'GV0002', 2, 4, 2, '2024-2025', 'Giáo viên bộ môn'),
(91, 'GV0003', 3, 4, 2, '2024-2025', 'Giáo viên bộ môn'),
(92, 'GV0004', 4, 4, 2, '2024-2025', 'Giáo viên bộ môn'),
(93, 'GV0005', 1, 5, 1, '2024-2025', 'Giáo viên bộ môn'),
(94, 'GV0006', 2, 5, 1, '2024-2025', 'Giáo viên bộ môn'),
(95, 'GV0007', 3, 5, 1, '2024-2025', 'Giáo viên bộ môn'),
(96, 'GV0008', 4, 5, 1, '2024-2025', 'Giáo viên bộ môn'),
(97, 'GV0005', 1, 5, 2, '2024-2025', 'Giáo viên bộ môn'),
(98, 'GV0006', 2, 5, 2, '2024-2025', 'Giáo viên bộ môn'),
(99, 'GV0007', 3, 5, 2, '2024-2025', 'Giáo viên bộ môn'),
(100, 'GV0008', 4, 5, 2, '2024-2025', 'Giáo viên bộ môn'),
(101, 'GV0009', 1, 6, 1, '2024-2025', 'Giáo viên bộ môn'),
(102, 'GV0010', 2, 6, 1, '2024-2025', 'Giáo viên bộ môn'),
(103, 'GV0011', 3, 6, 1, '2024-2025', 'Giáo viên bộ môn'),
(104, 'GV0012', 4, 6, 1, '2024-2025', 'Giáo viên bộ môn'),
(105, 'GV0009', 1, 6, 2, '2024-2025', 'Giáo viên bộ môn'),
(106, 'GV0010', 2, 6, 2, '2024-2025', 'Giáo viên bộ môn'),
(107, 'GV0011', 3, 6, 2, '2024-2025', 'Giáo viên bộ môn'),
(109, 'GV0012', 4, 6, 2, '2024-2025', 'Giáo viên bộ môn');

-- --------------------------------------------------------

--
-- Cấu trúc bảng cho bảng `phieuthanhtoan`
--

CREATE TABLE `phieuthanhtoan` (
  `MaPTT` int(11) NOT NULL,
  `MaHS` varchar(10) DEFAULT NULL,
  `MaTN` varchar(10) DEFAULT NULL,
  `SoTien` float DEFAULT NULL,
  `NgayThanhToan` datetime DEFAULT NULL
) ENGINE=InnoDB DEFAULT CHARSET=utf8mb4 COLLATE=utf8mb4_general_ci;

-- --------------------------------------------------------

--
-- Cấu trúc bảng cho bảng `taikhoan`
--

CREATE TABLE `taikhoan` (
  `MaTK` int(11) NOT NULL,
  `TenTK` varchar(50) NOT NULL,
  `MatKhau` varchar(255) NOT NULL,
  `Email` varchar(100) NOT NULL,
  `HoTen` varchar(100) NOT NULL,
  `SoDienThoai` varchar(15) DEFAULT NULL,
  `DiaChi` text DEFAULT NULL,
  `GioiTinh` enum('Nam','Nữ') NOT NULL,
  `NgaySinh` date DEFAULT NULL,
  `MaVT` int(11) DEFAULT NULL
) ENGINE=InnoDB DEFAULT CHARSET=utf8mb4 COLLATE=utf8mb4_general_ci;

--
-- Đang đổ dữ liệu cho bảng `taikhoan`
--

INSERT INTO `taikhoan` (`MaTK`, `TenTK`, `MatKhau`, `Email`, `HoTen`, `SoDienThoai`, `DiaChi`, `GioiTinh`, `NgaySinh`, `MaVT`) VALUES
(1, 'BGH0001', '123abc', 'hieu.truong@example.com', 'Trần Đình Phương Linh', '0901234567', '123 Lê Lợi, Hồ Chí Minh', 'Nữ', '1970-05-12', 1),
(2, 'BGH0002', '123abc', 'pho.hieu@example.com', 'Đặng Thị Ngọc Minh', '0906789123', '789 Cách Mạng, Hồ Chí Minh', 'Nữ', '1975-02-10', 1),
(3, 'GV0001', '123abc', 'giaovien1@gmail.com', 'Nguyễn Thị Ngọc Hải', '0902345678', '456 Trần Hưng Đạo, Quận 1, TP.HCM', 'Nữ', '1996-02-01', 2),
(4, 'GV0002', '123abc', 'giaovien2@gmail.com', 'Phạm Văn Hưng', '0902345679', '123 Nguyễn Thị Minh Khai, Quận 3, TP.HCM', 'Nam', '1982-03-15', 2),
(5, 'GV0003', '123abc', 'giaovien3@gmail.com', 'Trần Thanh Mai', '0902345680', '789 Lý Thái Tổ, Quận 10, TP.HCM', 'Nữ', '1985-11-02', 2),
(6, 'GV0004', '123abc', 'giaovien4@gmail.com', 'Lê Quang Hải', '0902345681', '12 Nguyễn Văn Linh, Quận 7, TP.HCM', 'Nam', '1978-06-14', 2),
(7, 'GV0005', '123abc', 'giaovien5@gmail.com', 'Ngô Thị Hồng', '0902345682', '25 Lê Văn Sỹ, Quận Phú Nhuận, TP.HCM', 'Nữ', '1989-07-22', 2),
(8, 'GV0006', '123abc', 'giaovien6@gmail.com', 'Võ Văn Hòa', '0902345683', '36 Phạm Ngũ Lão, Quận 1, TP.HCM', 'Nam', '1983-12-01', 2),
(9, 'GV0007', '123abc', 'giaovien7@gmail.com', 'Nguyễn Thị Hoa', '0902345684', '78 Nguyễn Trãi, Quận 5, TP.HCM', 'Nữ', '1990-10-09', 2),
(10, 'GV0008', '123abc', 'giaovien8@gmail.com', 'Hoàng Văn Tâm', '0902345685', '56 Võ Văn Kiệt, Quận Bình Tân, TP.HCM', 'Nam', '1975-05-27', 2),
(11, 'GV0009', '123abc', 'giaovien9@gmail.com', 'Bùi Thị Lan', '0902345686', '88 Điện Biên Phủ, Quận Bình Thạnh, TP.HCM', 'Nữ', '1991-08-17', 2),
(12, 'GV0010', '123abc', 'giaovien10@gmail.com', 'Lê Minh Khôi', '0902345687', '15 Hùng Vương, Quận 5, TP.HCM', 'Nam', '1987-09-05', 2),
(13, 'GV0011', '123abc', 'giaovien11@gmail.com', 'Nguyễn Thị Minh', '0902345688', '37 Cộng Hòa, Quận Tân Bình, TP.HCM', 'Nữ', '1986-01-19', 2),
(14, 'GV0012', '123abc', 'giaovien12@gmail.com', 'Đỗ Văn Trung', '0902345689', '92 Lê Thị Riêng, Quận 1, TP.HCM', 'Nam', '1979-03-22', 2),
(15, 'GV0013', '123abc', 'giaovien13@gmail.com', 'Phan Thị Bích', '0902345690', '43 Nguyễn Đình Chiểu, Quận 3, TP.HCM', 'Nữ', '1982-04-11', 2),
(16, 'GV0014', '123abc', 'giaovien14@gmail.com', 'Trương Văn Hậu', '0902345691', '67 Trần Quang Khải, Quận 1, TP.HCM', 'Nam', '1981-12-06', 2),
(17, 'GV0015', '123abc', 'giaovien15@gmail.com', 'Ngô Thị Kim', '0902345692', '21 Hồ Hảo Hớn, Quận 1, TP.HCM', 'Nữ', '1984-07-03', 2),
(18, 'GV0016', '123abc', 'giaovien16@gmail.com', 'Lê Văn Phong', '0902345693', '40 Nguyễn Hữu Thọ, Quận 7, TP.HCM', 'Nam', '1985-02-28', 2),
(19, 'GV0017', '123abc', 'giaovien17@gmail.com', 'Vũ Thị Thảo', '0902345694', '66 Huỳnh Tấn Phát, Quận 7, TP.HCM', 'Nữ', '1992-11-16', 2),
(20, 'GV0018', '123abc', 'giaovien18@gmail.com', 'Nguyễn Văn Tài', '0902345695', '73 Nguyễn Văn Nghi, Quận Gò Vấp, TP.HCM', 'Nam', '1977-08-01', 2),
(21, 'GV0019', '123abc', 'giaovien19@gmail.com', 'Phạm Thị Xuân', '0902345696', '84 Nguyễn Văn Đậu, Quận Bình Thạnh, TP.HCM', 'Nữ', '1980-09-10', 2),
(22, 'GV0020', '123abc', 'giaovien20@gmail.com', 'Trần Văn Quý', '0902345697', '91 Đinh Tiên Hoàng, Quận 1, TP.HCM', 'Nam', '1983-05-18', 2),
(23, 'HS0001', '123abc', 'hocsinh1@gmail.com', 'Nguyễn Khánh Huy', '0903456789', '789 Nguyễn Trãi, Quận 1, TP.HCM', 'Nam', '2006-03-01', 3),
(24, 'HS0002', '123abc', 'hocsinh2@gmail.com', 'Trần Minh Tuấn', '0903456790', '12 Lê Lợi, Quận 3, TP.HCM', 'Nam', '2006-06-22', 3),
(25, 'HS0003', '123abc', 'hocsinh3@gmail.com', 'Lê Ngọc Ánh', '0903456791', '45 Trần Hưng Đạo, Quận 5, TP.HCM', 'Nữ', '2006-08-11', 3),
(26, 'HS0004', '123abc', 'hocsinh4@gmail.com', 'Võ Thị Thanh Hà', '0903456792', '33 Nguyễn Văn Linh, Quận 7, TP.HCM', 'Nữ', '2006-09-05', 3),
(27, 'HS0005', '123abc', 'hocsinh5@gmail.com', 'Nguyễn Văn Nam', '0903456793', '23 Lý Tự Trọng, Quận 1, TP.HCM', 'Nam', '2006-11-19', 3),
(28, 'HS0006', '123abc', 'hocsinh6@gmail.com', 'Phạm Huy Hoàng', '0903456794', '67 Nguyễn Đình Chiểu, Quận 3, TP.HCM', 'Nam', '2007-01-03', 3),
(29, 'HS0007', '123abc', 'hocsinh7@gmail.com', 'Trần Bảo Châu', '0903456795', '18 Lê Văn Sỹ, Quận Phú Nhuận, TP.HCM', 'Nữ', '2006-04-14', 3),
(30, 'HS0008', '123abc', 'hocsinh8@gmail.com', 'Hoàng Thị Lan', '0903456796', '75 Võ Văn Kiệt, Quận Bình Tân, TP.HCM', 'Nữ', '2006-05-27', 3),
(31, 'HS0009', '123abc', 'hocsinh9@gmail.com', 'Nguyễn Thành Đạt', '0903456797', '88 Điện Biên Phủ, Quận Bình Thạnh, TP.HCM', 'Nam', '2006-12-08', 3),
(32, 'HS0010', '123abc', 'hocsinh10@gmail.com', 'Lê Văn Hùng', '0903456798', '19 Hùng Vương, Quận 5, TP.HCM', 'Nam', '2007-02-17', 3),
(33, 'HS0011', '123abc', 'hocsinh11@gmail.com', 'Nguyễn Thị Mai', '0903456799', '34 Nguyễn Trãi, Quận 1, TP.HCM', 'Nữ', '2006-06-18', 3),
(34, 'HS0012', '123abc', 'hocsinh12@gmail.com', 'Đỗ Quang Hải', '0903456800', '20 Cộng Hòa, Quận Tân Bình, TP.HCM', 'Nam', '2006-08-30', 3),
(35, 'HS0013', '123abc', 'hocsinh13@gmail.com', 'Phan Minh Khôi', '0903456801', '55 Nguyễn Thị Minh Khai, Quận 3, TP.HCM', 'Nam', '2006-03-12', 3),
(36, 'HS0014', '123abc', 'hocsinh14@gmail.com', 'Vũ Thị Yến', '0903456802', '77 Phạm Ngũ Lão, Quận 1, TP.HCM', 'Nữ', '2006-05-25', 3),
(37, 'HS0015', '123abc', 'hocsinh15@gmail.com', 'Trương Thái Bình', '0903456803', '66 Nguyễn Văn Đậu, Quận Bình Thạnh, TP.HCM', 'Nam', '2006-07-20', 3),
(38, 'HS0016', '123abc', 'hocsinh16@gmail.com', 'Hoàng Ngọc Lan', '0903456804', '39 Lê Văn Việt, Quận 9, TP.HCM', 'Nữ', '2006-09-10', 3),
(39, 'HS0017', '123abc', 'hocsinh17@gmail.com', 'Nguyễn Hồng Phúc', '0903456805', '28 Huỳnh Tấn Phát, Quận 7, TP.HCM', 'Nam', '2006-10-31', 3),
(40, 'HS0018', '123abc', 'hocsinh18@gmail.com', 'Phạm Nhật Minh', '0903456806', '95 Nguyễn Văn Nghi, Quận Gò Vấp, TP.HCM', 'Nam', '2007-01-21', 3),
(41, 'HS0019', '123abc', 'hocsinh19@gmail.com', 'Lê Thị Thảo', '0903456807', '48 Nguyễn Văn Cừ, Quận 5, TP.HCM', 'Nữ', '2006-03-02', 3),
(42, 'HS0020', '123abc', 'hocsinh20@gmail.com', 'Trần Hoài Nam', '0903456808', '21 Đinh Tiên Hoàng, Quận 1, TP.HCM', 'Nam', '2006-04-15', 3),
(43, 'HS0021', '123abc', 'hocsinh21@gmail.com', 'Nguyễn Thu Hằng', '0903456809', '32 Tô Hiến Thành, Quận 10, TP.HCM', 'Nữ', '2006-08-01', 3),
(44, 'HS0022', '123abc', 'hocsinh22@gmail.com', 'Võ Quang Duy', '0903456810', '76 Trần Huy Liệu, Quận Phú Nhuận, TP.HCM', 'Nam', '2006-12-15', 3),
(45, 'HS0023', '123abc', 'hocsinh23@gmail.com', 'Nguyễn Ngọc Bích', '0903456811', '59 Hồ Hảo Hớn, Quận 1, TP.HCM', 'Nữ', '2006-07-28', 3),
(46, 'HS0024', '123abc', 'hocsinh24@gmail.com', 'Lê Minh Nhật', '0903456812', '84 Lý Thường Kiệt, Quận 10, TP.HCM', 'Nam', '2006-09-15', 3),
(47, 'HS0025', '123abc', 'hocsinh25@gmail.com', 'Hoàng Văn Toàn', '0903456813', '25 Trương Định, Quận 1, TP.HCM', 'Nam', '2006-03-21', 3),
(48, 'HS0026', '123abc', 'hocsinh26@gmail.com', 'Vũ Quỳnh Trang', '0903456814', '44 Võ Thị Sáu, Quận 3, TP.HCM', 'Nữ', '2006-11-11', 3),
(49, 'HS0027', '123abc', 'hocsinh27@gmail.com', 'Nguyễn Tấn Phát', '0903456815', '10 Nguyễn Văn Lượng, Quận Gò Vấp, TP.HCM', 'Nam', '2006-05-09', 3),
(50, 'HS0028', '123abc', 'hocsinh28@gmail.com', 'Đỗ Thị Kim Chi', '0903456816', '71 Trần Quang Diệu, Quận 3, TP.HCM', 'Nữ', '2006-10-20', 3),
(51, 'HS0029', '123abc', 'hocsinh29@gmail.com', 'Phan Ngọc Sơn', '0903456817', '53 Hùng Vương, Quận 5, TP.HCM', 'Nam', '2007-01-06', 3),
(52, 'HS0030', '123abc', 'hocsinh30@gmail.com', 'Nguyễn Phương Mai', '0903456818', '26 Nguyễn Văn Cừ, Quận 5, TP.HCM', 'Nữ', '2006-08-12', 3),
(53, 'HS0031', '123abc', 'hocsinh31@gmail.com', 'Lê Minh Hà', '0903456819', '38 Cách Mạng Tháng 8, Quận 10, TP.HCM', 'Nam', '2006-09-25', 3),
(54, 'HS0032', '123abc', 'hocsinh32@gmail.com', 'Trần Ngọc Hân', '0903456820', '62 Tôn Đức Thắng, Quận 1, TP.HCM', 'Nữ', '2006-11-30', 3),
(55, 'HS0033', '123abc', 'hocsinh33@gmail.com', 'Phạm Thanh Thảo', '0903456821', '40 Nguyễn Huệ, Quận 1, TP.HCM', 'Nữ', '2006-03-18', 3),
(56, 'HS0034', '123abc', 'hocsinh34@gmail.com', 'Võ Anh Duy', '0903456822', '16 Nguyễn Đình Chiểu, Quận 3, TP.HCM', 'Nam', '2006-07-14', 3),
(57, 'HS0035', '123abc', 'hocsinh35@gmail.com', 'Nguyễn Thị Thanh Tâm', '0903456823', '49 Nguyễn Khắc Nhu, Quận 1, TP.HCM', 'Nữ', '2006-06-05', 3),
(58, 'HS0036', '123abc', 'hocsinh36@gmail.com', 'Phan Quốc Huy', '0903456824', '85 Nguyễn Văn Trỗi, Quận Tân Bình, TP.HCM', 'Nam', '2006-12-22', 3),
(59, 'HS0037', '123abc', 'hocsinh37@gmail.com', 'Trần Văn Tâm', '0903456825', '33 Tôn Thất Thuyết, Quận 4, TP.HCM', 'Nam', '2007-01-11', 3),
(60, 'HS0038', '123abc', 'hocsinh38@gmail.com', 'Lê Hoài Nam', '0903456826', '12 Trần Bình Trọng, Quận 5, TP.HCM', 'Nam', '2006-04-23', 3),
(61, 'HS0039', '123abc', 'hocsinh39@gmail.com', 'Phạm Văn Long', '0903456827', '50 Pasteur, Quận 3, TP.HCM', 'Nam', '2006-08-19', 3),
(62, 'HS0040', '123abc', 'hocsinh40@gmail.com', 'Hoàng Minh Đức', '0903456828', '70 Phan Văn Hân, Quận Bình Thạnh, TP.HCM', 'Nam', '2006-10-12', 3),
(63, 'TN0001', '123abc', 'thungan1@example.com', 'Phạm Thị Minh Thư', '0904567899', '123 Bạch Đằng, Quận 1, Hồ Chí Minh', 'Nữ', '1990-01-15', 4),
(64, 'TN0002', '123abc', 'thungan2@example.com', 'Nguyễn Minh Phương', '0904567899', '45 Lý Tự Trọng, Quận 1, Hồ Chí Minh', 'Nam', '1988-06-22', 4),
(65, 'TN0003', '123abc', 'thungan3@example.com', 'Trần Quốc Đạt', '0904567892', '68 Nguyễn Huệ, Quận 5, Hồ Chí Minh', 'Nam', '1985-09-12', 4),
(66, 'TN0004', '123abc', 'thungan4@example.com', 'Lê Thị Thu Hà', '0904567893', '98 Nguyễn Trãi, Quận 11, Hồ Chí Minh', 'Nữ', '1992-04-17', 4),
(67, 'TN0005', '123abc', 'thungan5@example.com', 'Phan Thị Mai Lan', '0904567894', '150 Hùng Vương, Quận 8, Hồ Chí Minh', 'Nữ', '1994-12-03', 4),
(68, 'GT0001', '123abc', 'giamthi1@gmail.com', 'Võ Văn Tân', '0905678911', '456 Pasteur, Bình Thạnh, Hồ Chí Minh', 'Nam', '1985-07-25', 5),
(69, 'GT0002', '123abc', 'giamthi2@gmail.com', 'Nguyễn Thị Lan', '0905678902', '12 Nguyễn Tri Phương, Quận 5, Hồ Chí Minh', 'Nữ', '1990-04-15', 5),
(70, 'GT0003', '123abc', 'giamthi3@gmail.com', 'Trần Thị Thanh', '0905678903', '34 Lê Văn Sỹ, Quận 3, Hồ Chí Minh', 'Nữ', '1988-09-15', 5),
(71, 'GT0004', '123abc', 'giamthi4@gmail.com', 'Lê Minh Khoa', '0905678904', '78 Đường 3 Tháng 2, Quận 10, Hồ Chí Minh', 'Nam', '1983-02-20', 5),
(72, 'GT0005', '123abc', 'giamthi5@gmail.com', 'Phan Thị Kiều Duyên', '0905678905', '123 Nguyễn Hữu Cảnh, Bình Thạnh, Hồ Chí Minh', 'Nữ', '1992-11-12', 5),
(73, 'HS0041', '123abc', 'hocsinh41@gmail.com', 'Nguyễn Khánh Huy', '0903456789', '789 Nguyễn Trãi, Quận 1, TP HCM', 'Nam', '2006-03-15', 3),
(74, 'HS0042', '123abc', 'hocsinh42@gmail.com', 'Trần Thanh Vân', '0903456790', '456 Phan Đình Phùng, Quận 5, TP HCM', 'Nữ', '2006-05-21', 3),
(75, 'HS0043', '123abc', 'hocsinh43@gmail.com', 'Lê Minh Quang', '0903456791', '123 Lê Lợi, Quận 3, TP HCM', 'Nam', '2006-07-14', 3),
(76, 'HS0044', '123abc', 'hocsinh44@gmail.com', 'Phan Minh Tâm', '0903456792', '101 Hàm Nghi, Quận 1, TP HCM', 'Nữ', '2006-09-09', 3),
(77, 'HS0045', '123abc', 'hocsinh45@gmail.com', 'Ngô Minh Tuấn', '0903456793', '202 Bùi Viện, Quận 2, TP HCM', 'Nam', '2006-10-12', 3),
(78, 'HS0046', '123abc', 'hocsinh46@gmail.com', 'Võ Ngọc Quý', '0903456794', '303 Nguyễn Đình Chiểu, Quận 4, TP HCM', 'Nữ', '2006-11-22', 3),
(79, 'HS0047', '123abc', 'hocsinh47@gmail.com', 'Đặng Thái Duy', '0903456795', '404 Trần Phú, Quận 7, TP HCM', 'Nam', '2006-12-05', 3),
(80, 'HS0048', '123abc', 'hocsinh48@gmail.com', 'Hoàng Anh Thư', '0903456796', '505 Lê Văn Sĩ, Quận 8, TP HCM', 'Nữ', '2007-01-25', 3),
(81, 'HS0049', '123abc', 'hocsinh49@gmail.com', 'Phạm Quỳnh Mai', '0903456797', '606 Nguyễn Thị Minh Khai, Quận 10, TP HCM', 'Nữ', '2007-02-28', 3),
(82, 'HS0050', '123abc', 'hocsinh50@gmail.com', 'Bùi Minh Ánh', '0903456798', '707 Tôn Đức Thắng, Quận 6, TP HCM', 'Nam', '2007-04-10', 3),
(83, 'HS0051', '123abc', 'hocsinh51@gmail.com', 'Đoàn Minh Tâm', '0903456799', '808 Xô Viết Nghệ Tĩnh, Quận 11, TP HCM', 'Nữ', '2007-05-18', 3),
(84, 'HS0052', '123abc', 'hocsinh52@gmail.com', 'Lê Thị Lan', '0903456800', '909 Hai Bà Trưng, Quận 12, TP HCM', 'Nam', '2007-06-21', 3),
(85, 'HS0053', '123abc', 'hocsinh53@gmail.com', 'Trần Tiến Dũng', '0903456801', '1010 Phan Văn Trị, Quận 9, TP HCM', 'Nữ', '2007-08-02', 3),
(86, 'HS0054', '123abc', 'hocsinh54@gmail.com', 'Lê Đăng Khoa', '0903456802', '1111 Trần Hưng Đạo, Quận 3, TP HCM', 'Nam', '2007-09-04', 3),
(87, 'HS0055', '123abc', 'hocsinh55@gmail.com', 'Nguyễn Ngọc Trinh', '0903456803', '1212 Nguyễn An Ninh, Quận 5, TP HCM', 'Nữ', '2007-10-15', 3),
(88, 'HS0056', '123abc', 'hocsinh56@gmail.com', 'Hoàng Kim Cương', '0903456804', '1313 Lê Hồng Phong, Quận 10, TP HCM', 'Nam', '2007-11-20', 3),
(89, 'HS0057', '123abc', 'hocsinh57@gmail.com', 'Đinh Thị Kiều Oanh', '0903456805', '1414 Cách Mạng Tháng Tám, Quận 6, TP HCM', 'Nữ', '2007-12-08', 3),
(90, 'HS0058', '123abc', 'hocsinh58@gmail.com', 'Võ Thị Ngọc Lan', '0903456806', '1515 Hòa Bình, Quận 4, TP HCM', 'Nam', '2008-01-12', 3),
(91, 'HS0059', '123abc', 'hocsinh59@gmail.com', 'Trần Thị Cẩm Nhung', '0903456807', '1616 Cộng Hòa, Quận 7, TP HCM', 'Nữ', '2008-02-09', 3),
(92, 'HS0060', '123abc', 'hocsinh60@gmail.com', 'Nguyễn Đức Hải', '0903456808', '1717 Phạm Văn Đồng, Quận 12, TP HCM', 'Nam', '2008-03-04', 3),
(93, 'HS0061', '123abc', 'hocsinh61@gmail.com', 'Bùi Thị Thu Hương', '0903456809', '1818 Nguyễn Văn Cừ, Quận 8, TP HCM', 'Nữ', '2008-04-05', 3),
(94, 'HS0062', '123abc', 'hocsinh62@gmail.com', 'Võ Minh Đức', '0903456810', '1919 Trường Chinh, Quận 2, TP HCM', 'Nam', '2008-05-15', 3),
(95, 'HS0063', '123abc', 'hocsinh63@gmail.com', 'Đặng Tiến Hùng', '0903456811', '2020 Nguyễn Tri Phương, Quận 9, TP HCM', 'Nữ', '2008-06-18', 3),
(96, 'HS0064', '123abc', 'hocsinh64@gmail.com', 'Lê Minh Thư', '0903456812', '2121 Nguyễn Đình Chiểu, Quận 6, TP HCM', 'Nam', '2008-07-21', 3),
(97, 'HS0065', '123abc', 'hocsinh65@gmail.com', 'Hoàng Anh Quỳnh', '0903456813', '2222 Bến Vân Đồn, Quận 7, TP HCM', 'Nữ', '2008-08-02', 3),
(98, 'HS0066', '123abc', 'hocsinh66@gmail.com', 'Nguyễn Kim Hải', '0903456814', '2323 Trần Nhân Tôn, Quận 3, TP HCM', 'Nam', '2008-09-05', 3),
(99, 'HS0067', '123abc', 'hocsinh67@gmail.com', 'Trần Quốc Duy', '0903456815', '2424 Lý Thường Kiệt, Quận 5, TP HCM', 'Nữ', '2008-10-06', 3),
(100, 'HS0068', '123abc', 'hocsinh68@gmail.com', 'Lê Quang Hiếu', '0903456816', '2525 Nguyễn Tất Thành, Quận 2, TP HCM', 'Nam', '2008-11-09', 3),
(101, 'HS0069', '123abc', 'hocsinh69@gmail.com', 'Phan Minh Quang', '0903456817', '2626 Đường Láng, Quận 12, TP HCM', 'Nữ', '2008-12-12', 3),
(102, 'HS0070', '123abc', 'hocsinh70@gmail.com', 'Bùi Tiến Minh', '0903456818', '2727 Nguyễn Văn Linh, Quận 4, TP HCM', 'Nam', '2009-01-15', 3),
(103, 'HS0071', '123abc', 'hocsinh71@gmail.com', 'Đoàn Minh Tuấn', '0903456819', '2828 Phan Đình Phùng, Quận 6, TP HCM', 'Nữ', '2009-02-19', 3),
(104, 'HS0072', '123abc', 'hocsinh72@gmail.com', 'Võ Minh Quý', '0903456820', '2929 Nguyễn Huệ, Quận 7, TP HCM', 'Nam', '2009-03-01', 3),
(105, 'HS0073', '123abc', 'hocsinh73@gmail.com', 'Nguyễn Minh Quân', '0903456821', '3030 Nguyễn Thái Học, Quận 10, TP HCM', 'Nữ', '2009-04-05', 3),
(106, 'HS0074', '123abc', 'hocsinh74@gmail.com', 'Lê Quang Duy', '0903456822', '3131 Trường Sa, Quận 3, TP HCM', 'Nam', '2009-05-10', 3),
(107, 'HS0075', '123abc', 'hocsinh75@gmail.com', 'Phan Anh Tâm', '0903456823', '3232 Bến Tre, Quận 9, TP HCM', 'Nữ', '2009-06-15', 3),
(108, 'HS0076', '123abc', 'hocsinh76@gmail.com', 'Nguyễn Khánh Huy', '0903456789', '789 Nguyễn Trãi, Quận 1,TP HCM', 'Nam', '2006-03-15', 3),
(109, 'HS0077', '123abc', 'hocsinh77@gmail.com', 'Trần Minh Tuấn', '0903456790', '123 Lê Lợi, Quận 1, TP HCM', 'Nam', '2006-05-20', 3),
(110, 'HS0078', '123abc', 'hocsinh78@gmail.com', 'Phan Thanh Hòa', '0903456791', '456 Đinh Tiên Hoàng, Quận 3, TP HCM', 'Nữ', '2006-09-10', 3),
(111, 'HS0079', '123abc', 'hocsinh79@gmail.com', 'Lê Thị Lan', '0903456792', '789 Phan Đình Phùng, Quận 5, TP HCM', 'Nữ', '2006-02-11', 3),
(112, 'HS0080', '123abc', 'hocsinh80@gmail.com', 'Nguyễn Quang Bình', '0903456793', '101 Nguyễn Huệ, Quận 2, TP HCM', 'Nam', '2006-04-22', 3),
(113, 'HS0081', '123abc', 'hocsinh81@gmail.com', 'Vũ Thanh Thảo', '0903456794', '202 Trần Hưng Đạo, Quận 1, TP HCM', 'Nữ', '2006-07-30', 3),
(114, 'HS0082', '123abc', 'hocsinh82@gmail.com', 'Lý Thanh Vân', '0903456795', '303 Nguyễn Đình Chiểu, Quận 10, TP HCM', 'Nam', '2006-08-14', 3),
(115, 'HS0083', '123abc', 'hocsinh83@gmail.com', 'Hồ Minh Tâm', '0903456796', '404 Lý Thường Kiệt, Quận 7, TP HCM', 'Nữ', '2006-11-05', 3),
(116, 'HS0084', '123abc', 'hocsinh84@gmail.com', 'Bùi Thị Lan Anh', '0903456797', '505 Võ Văn Kiệt, Quận 11, TP HCM', 'Nữ', '2006-01-01', 3),
(117, 'HS0085', '123abc', 'hocsinh85@gmail.com', 'Phan Quang Tuân', '0903456798', '606 Hồ Học Lãm, Quận 4, TP HCM', 'Nam', '2006-06-18', 3),
(118, 'HS0086', '123abc', 'hocsinh86@gmail.com', 'Ngô Minh Khôi', '0903456799', '707 Trường Chinh, Quận 12, TP HCM', 'Nam', '2006-12-30', 3),
(119, 'HS0087', '123abc', 'hocsinh87@gmail.com', 'Đoàn Thị Ngọc', '0903456800', '808 Nguyễn Văn Cừ, Quận 2, TP HCM', 'Nữ', '2006-03-02', 3),
(120, 'HS0088', '123abc', 'hocsinh88@gmail.com', 'Hoàng Thanh Tâm', '0903456801', '909 Bến Thành, Quận 10, TP HCM', 'Nam', '2006-04-17', 3),
(121, 'HS0089', '123abc', 'hocsinh89@gmail.com', 'Dương Minh Khánh', '0903456802', '1010 Lê Quang Định, Quận 5, TP HCM', 'Nữ', '2006-10-22', 3),
(122, 'HS0090', '123abc', 'hocsinh90@gmail.com', 'Trương Minh Triết', '0903456803', '1111 Trần Quốc Toản, Quận 3, TP HCM', 'Nam', '2006-09-12', 3),
(123, 'HS0091', '123abc', 'hocsinh91@gmail.com', 'Lê Thiên Hương', '0903456804', '1212 Võ Thị Sáu, Quận 7, TP HCM', 'Nữ', '2006-11-25', 3),
(124, 'HS0092', '123abc', 'hocsinh92@gmail.com', 'Nguyễn Minh Kiên', '0903456805', '1313 Phạm Ngũ Lão, Quận 1, TP HCM', 'Nam', '2006-07-09', 3),
(125, 'HS0093', '123abc', 'hocsinh93@gmail.com', 'Đinh Thi Thảo', '0903456806', '1414 Lê Quang Định, Quận 4, TP HCM', 'Nữ', '2006-10-30', 3),
(126, 'HS0094', '123abc', 'hocsinh94@gmail.com', 'Trần Huy Thông', '0903456807', '1515 Tôn Đức Thắng, Quận 6, TP HCM', 'Nam', '2006-08-28', 3),
(127, 'HS0095', '123abc', 'hocsinh95@gmail.com', 'Nguyễn Kiều Oanh', '0903456808', '1616 Phạm Hữu Lầu, Quận 3, TP HCM', 'Nữ', '2006-12-01', 3),
(128, 'HS0096', '123abc', 'hocsinh96@gmail.com', 'Vũ Quốc Bảo', '0903456809', '1717 Lý Thái Tổ, Quận 9, TP HCM', 'Nam', '2006-04-03', 3),
(129, 'HS0097', '123abc', 'hocsinh97@gmail.com', 'Hoàng Thị Lan', '0903456810', '1818 Cách Mạng Tháng 8, Quận 5, TP HCM', 'Nữ', '2006-01-28', 3),
(130, 'HS0098', '123abc', 'hocsinh98@gmail.com', 'Lê Thiên Quang', '0903456811', '1919 Nguyễn Công Trứ, Quận 12, TP HCM', 'Nam', '2006-07-18', 3),
(131, 'HS0099', '123abc', 'hocsinh99@gmail.com', 'Nguyễn Hoàng Thanh', '0903456812', '2020 Nguyễn Thị Minh Khai, Quận 1, TP HCM', 'Nữ', '2006-09-22', 3),
(132, 'HS0100', '123abc', 'hocsinh100@gmail.com', 'Vũ Minh Triết', '0903456813', '2121 Trần Bình Trọng, Quận 10, TP HCM', 'Nam', '2006-11-12', 3),
(133, 'HS0101', '123abc', 'hocsinh101@gmail.com', 'Lý Minh Tâm', '0903456814', '2222 Lê Đại Hành, Quận 4, TP HCM', 'Nữ', '2006-02-20', 3),
(134, 'HS0102', '123abc', 'hocsinh102@gmail.com', 'Trương Thị Diễm', '0903456815', '2323 Phan Xích Long, Quận 8, TP HCM', 'Nữ', '2006-05-28', 3),
(135, 'HS0103', '123abc', 'hocsinh103@gmail.com', 'Ngô Thị Thu', '0903456816', '2424 Nguyễn Hồng Đào, Quận 3, TP HCM', 'Nam', '2006-03-07', 3),
(136, 'HS0104', '123abc', 'hocsinh104@gmail.com', 'Dương Thị Huyền', '0903456817', '2525 Nguyễn Khánh Toàn, Quận 1, TP HCM', 'Nữ', '2006-06-25', 3),
(137, 'HS0105', '123abc', 'hocsinh105@gmail.com', 'Hoàng Minh Tuấn', '0903456818', '2626 Hoàng Văn Thụ, Quận 10, TP HCM', 'Nam', '2006-08-06', 3),
(138, 'HS0106', '123abc', 'hocsinh106@gmail.com', 'Lê Thị Mai', '0903456819', '2727 Lý Chính Thắng, Quận 12, TP HCM', 'Nữ', '2006-10-09', 3),
(139, 'HS0107', '123abc', 'hocsinh107@gmail.com', 'Nguyễn Khánh Huy', '0903456789', '789 Nguyễn Trãi, Quận 1, TP HCM', 'Nam', '2006-03-15', 3),
(140, 'HS0108', '123abc', 'hocsinh108@gmail.com', 'Phạm Thanh Tùng', '0903456790', '45 Lê Lợi, Quận 1, TP HCM', 'Nam', '2006-07-22', 3),
(141, 'HS0109', '123abc', 'hocsinh109@gmail.com', 'Lê Thị Hồng', '0903456791', '123 Cách Mạng Tháng 8, Quận 3, TP HCM', 'Nữ', '2006-12-05', 3),
(142, 'HS0110', '123abc', 'hocsinh110@gmail.com', 'Trần Minh Phương', '0903456792', '89 Lý Tự Trọng, Quận 1, TP HCM', 'Nữ', '2006-01-10', 3),
(143, 'HS0111', '123abc', 'hocsinh111@gmail.com', 'Nguyễn Văn An', '0903456793', '56 Nguyễn Văn Trỗi, Phú Nhuận, TP HCM', 'Nam', '2006-02-18', 3),
(144, 'HS0112', '123abc', 'hocsinh112@gmail.com', 'Hoàng Thị Lan', '0903456794', '78 Hoàng Diệu, Quận 4, TP HCM', 'Nữ', '2006-03-20', 3),
(145, 'HS0113', '123abc', 'hocsinh113@gmail.com', 'Đỗ Đức Thịnh', '0903456795', '67 Phạm Văn Đồng, Thủ Đức, TP HCM', 'Nam', '2006-04-25', 3),
(146, 'HS0114', '123abc', 'hocsinh114@gmail.com', 'Lý Thị Nhung', '0903456796', '34 Võ Thị Sáu, Bình Thạnh, TP HCM', 'Nữ', '2006-05-15', 3),
(147, 'HS0115', '123abc', 'hocsinh115@gmail.com', 'Phan Thanh Hào', '0903456797', '21 Điện Biên Phủ, Quận 10, TP HCM', 'Nam', '2006-06-10', 3),
(148, 'HS0116', '123abc', 'hocsinh116@gmail.com', 'Bùi Minh Hạnh', '0903456798', '99 Trần Hưng Đạo, Quận 5, TP HCM', 'Nữ', '2006-08-08', 3),
(149, 'HS0117', '123abc', 'hocsinh117@gmail.com', 'Võ Ngọc Tâm', '0903456799', '12 Nguyễn Đình Chiểu, Quận 3, TP HCM', 'Nam', '2006-09-19', 3),
(150, 'HS0118', '123abc', 'hocsinh118@gmail.com', 'Nguyễn Thị Hằng', '0903456700', '45 Lê Văn Sỹ, Tân Bình, TP HCM', 'Nữ', '2006-11-25', 3),
(151, 'HS0119', '123abc', 'hocsinh119@gmail.com', 'Trần Quốc Toàn', '0903456701', '78 Hồng Bàng, Quận 6, TP HCM', 'Nam', '2006-07-11', 3),
(152, 'HS0120', '123abc', 'hocsinh120@gmail.com', 'Đặng Văn Hoàng', '0903456702', '90 Lê Duẩn, Quận 1, TP HCM', 'Nam', '2006-05-05', 3),
(153, 'HS0121', '123abc', 'hocsinh121@gmail.com', 'Phạm Thị Bích', '0903456703', '12 Phan Đình Phùng, Quận 1, TP HCM', 'Nữ', '2006-08-17', 3),
(154, 'HS0122', '123abc', 'hocsinh122@gmail.com', 'Lê Hoàng Vũ', '0903456704', '67 Lê Hồng Phong, Quận 10, TP HCM', 'Nam', '2006-10-21', 3),
(155, 'HS0123', '123abc', 'hocsinh123@gmail.com', 'Hoàng Kim Phúc', '0903456705', '33 Trần Quang Diệu, Quận 3, TP HCM', 'Nam', '2006-04-30', 3),
(156, 'HS0124', '123abc', 'hocsinh124@gmail.com', 'Phan Minh Dũng', '0903456706', '90 Nguyễn Thiện Thuật, Quận 11, TP HCM', 'Nam', '2006-03-11', 3),
(157, 'HS0125', '123abc', 'hocsinh125@gmail.com', 'Đỗ Bảo Ngọc', '0903456707', '56 Tô Hiến Thành, Quận 10, TP HCM', 'Nữ', '2006-06-22', 3),
(158, 'HS0126', '123abc', 'hocsinh126@gmail.com', 'Nguyễn Phúc Bình', '0903456708', '32 Bạch Đằng, Bình Thạnh, TP HCM', 'Nam', '2006-12-01', 3),
(159, 'HS0127', '123abc', 'hocsinh127@gmail.com', 'Võ Thanh Sơn', '0903456709', '87 Trường Sa, Quận 3, TP HCM', 'Nam', '2006-07-15', 3),
(160, 'HS0128', '123abc', 'hocsinh128@gmail.com', 'Trần Thị Lý', '0903456710', '120 Ký Con, Quận 1, TP HCM', 'Nữ', '2006-08-30', 3),
(161, 'HS0129', '123abc', 'hocsinh129@gmail.com', 'Bùi Văn Phúc', '0903456711', '66 Nguyễn Tri Phương, Quận 5, TP HCM', 'Nam', '2006-05-20', 3),
(162, 'HS0130', '123abc', 'hocsinh130@gmail.com', 'Phan Nhật Nam', '0903456712', '45 Cao Thắng, Quận 3, TP HCM', 'Nam', '2006-09-10', 3),
(163, 'HS0131', '123abc', 'hocsinh131@gmail.com', 'Hoàng Thùy Linh', '0903456713', '78 Võ Văn Kiệt, Quận 1, TP HCM', 'Nữ', '2006-11-28', 3),
(164, 'HS0132', '123abc', 'hocsinh132@gmail.com', 'Lý Minh Anh', '0903456714', '99 Tôn Đức Thắng, Quận 7, TP HCM', 'Nam', '2006-03-08', 3),
(165, 'HS0133', '123abc', 'hocsinh133@gmail.com', 'Nguyễn Văn Tài', '0903456715', '44 Nguyễn Huệ, Quận 1, TP HCM', 'Nam', '2006-07-19', 3),
(166, 'HS0134', '123abc', 'hocsinh134@gmail.com', 'Đặng Thu Phương', '0903456716', '90 Hai Bà Trưng, Quận 3, TP HCM', 'Nữ', '2006-10-01', 3),
(167, 'HS0135', '123abc', 'hocsinh135@gmail.com', 'Phan Gia Huy', '0903456717', '33 Lê Văn Việt, Thủ Đức, TP HCM', 'Nam', '2006-04-12', 3),
(168, 'HS0136', '123abc', 'hocsinh136@gmail.com', 'Nguyễn Khánh Huy', '0903456789', '789 Nguyễn Trãi, Quận 1,TP HCM', 'Nam', '2006-03-15', 3),
(169, 'HS0137', '123abc', 'hocsinh137@gmail.com', 'Lê Minh Phúc', '0903456790', '123 Lê Lợi, Quận 3, TP HCM', 'Nam', '2005-10-20', 3),
(170, 'HS0138', '123abc', 'hocsinh138@gmail.com', 'Trần Thị Ngọc', '0903456791', '456 Cách Mạng, Quận 5, TP HCM', 'Nữ', '2007-06-12', 3),
(171, 'HS0139', '123abc', 'hocsinh139@gmail.com', 'Nguyễn Thị Mai', '0903456792', '789 Đinh Tiên Hoàng, Quận 7, TP HCM', 'Nữ', '2006-02-25', 3),
(172, 'HS0140', '123abc', 'hocsinh140@gmail.com', 'Vũ Văn Khánh', '0903456793', '12 Pasteur, Quận 1, TP HCM', 'Nam', '2005-09-30', 3);

-- --------------------------------------------------------

--
-- Cấu trúc bảng cho bảng `thamso`
--

CREATE TABLE `thamso` (
  `MaThamSo` int(11) NOT NULL,
  `TenThamSo` varchar(50) NOT NULL,
  `GiaTri` float NOT NULL
) ENGINE=InnoDB DEFAULT CHARSET=utf8mb4 COLLATE=utf8mb4_general_ci;

--
-- Đang đổ dữ liệu cho bảng `thamso`
--

INSERT INTO `thamso` (`MaThamSo`, `TenThamSo`, `GiaTri`) VALUES
(1, 'SiSoLopToiDa', 35),
(2, 'MucHocPhiNamHoc', 3000000);

-- --------------------------------------------------------

--
-- Cấu trúc bảng cho bảng `thungan`
--

CREATE TABLE `thungan` (
  `MaTN` varchar(10) NOT NULL,
  `MaTK` int(11) DEFAULT NULL,
  `TinhTrang` enum('Đang làm việc','Đã nghỉ việc') NOT NULL
) ENGINE=InnoDB DEFAULT CHARSET=utf8mb4 COLLATE=utf8mb4_general_ci;

--
-- Đang đổ dữ liệu cho bảng `thungan`
--

INSERT INTO `thungan` (`MaTN`, `MaTK`, `TinhTrang`) VALUES
('TN0001', 63, 'Đang làm việc'),
('TN0002', 64, 'Đang làm việc'),
('TN0003', 65, 'Đang làm việc'),
('TN0004', 66, 'Đang làm việc'),
('TN0005', 67, 'Đang làm việc');

--
-- Bẫy `thungan`
--
DELIMITER $$
CREATE TRIGGER `trg_TN_BeforeInsert` BEFORE INSERT ON `thungan` FOR EACH ROW BEGIN
    SET NEW.MaTN = CONCAT('TN', LPAD((SELECT IFNULL(MAX(CAST(SUBSTRING(MaTN, 3) AS UNSIGNED)), 0) + 1 FROM THUNGAN), 4, '0'));
END
$$
DELIMITER ;

-- --------------------------------------------------------

--
-- Cấu trúc bảng cho bảng `vaitro`
--

CREATE TABLE `vaitro` (
  `MaVT` int(11) NOT NULL,
  `TenVT` varchar(50) NOT NULL
) ENGINE=InnoDB DEFAULT CHARSET=utf8mb4 COLLATE=utf8mb4_general_ci;

--
-- Đang đổ dữ liệu cho bảng `vaitro`
--

INSERT INTO `vaitro` (`MaVT`, `TenVT`) VALUES
(1, 'Ban giám hiệu'),
(2, 'Giáo viên'),
(3, 'Học sinh'),
(4, 'Thu ngân'),
(5, 'Giám thị');

-- --------------------------------------------------------

--
-- Cấu trúc bảng cho bảng `vipham`
--

CREATE TABLE `vipham` (
  `MaVP` int(11) NOT NULL,
  `MaHS` varchar(10) DEFAULT NULL,
  `MaGT` varchar(10) DEFAULT NULL,
  `MaLVP` int(11) DEFAULT NULL,
  `HocKy` int(11) DEFAULT NULL,
  `NamHoc` varchar(10) DEFAULT NULL
) ENGINE=InnoDB DEFAULT CHARSET=utf8mb4 COLLATE=utf8mb4_general_ci;

--
-- Chỉ mục cho các bảng đã đổ
--

--
-- Chỉ mục cho bảng `bangiamhieu`
--
ALTER TABLE `bangiamhieu`
  ADD PRIMARY KEY (`MaBGH`),
  ADD KEY `FK_BGH_TaiKhoan` (`MaTK`);

--
-- Chỉ mục cho bảng `ctptt`
--
ALTER TABLE `ctptt`
  ADD PRIMARY KEY (`MaCTPTT`),
  ADD KEY `FK_CTTPT_HocSinh` (`MaHS`);

--
-- Chỉ mục cho bảng `danhhieu`
--
ALTER TABLE `danhhieu`
  ADD PRIMARY KEY (`MaDH`);

--
-- Chỉ mục cho bảng `diem`
--
ALTER TABLE `diem`
  ADD PRIMARY KEY (`MaDiem`),
  ADD KEY `FK_Diem_HocSinh` (`MaHS`),
  ADD KEY `FK_Diem_GiaoVien` (`MaGV`),
  ADD KEY `FK_Diem_MonHoc` (`MaMH`);

--
-- Chỉ mục cho bảng `giamthi`
--
ALTER TABLE `giamthi`
  ADD PRIMARY KEY (`MaGT`),
  ADD KEY `FK_GT_TaiKhoan` (`MaTK`);

--
-- Chỉ mục cho bảng `giaovien`
--
ALTER TABLE `giaovien`
  ADD PRIMARY KEY (`MaGV`),
  ADD KEY `FK_GV_TaiKhoan` (`MaTK`);

--
-- Chỉ mục cho bảng `hanhkiem`
--
ALTER TABLE `hanhkiem`
  ADD PRIMARY KEY (`MaHK`),
  ADD UNIQUE KEY `MaHS` (`MaHS`,`HocKy`,`NamHoc`);

--
-- Chỉ mục cho bảng `hocsinh`
--
ALTER TABLE `hocsinh`
  ADD PRIMARY KEY (`MaHS`),
  ADD KEY `FK_HS_TaiKhoan` (`MaTK`);

--
-- Chỉ mục cho bảng `hocsinh_lop`
--
ALTER TABLE `hocsinh_lop`
  ADD KEY `FK_HSLOP_HocSinh` (`MaHS`),
  ADD KEY `FK_HSLOP_Lop` (`MaLop`);

--
-- Chỉ mục cho bảng `loaivipham`
--
ALTER TABLE `loaivipham`
  ADD PRIMARY KEY (`MaLVP`);

--
-- Chỉ mục cho bảng `lop`
--
ALTER TABLE `lop`
  ADD PRIMARY KEY (`MaLop`);

--
-- Chỉ mục cho bảng `monhoc`
--
ALTER TABLE `monhoc`
  ADD PRIMARY KEY (`MaMH`);

--
-- Chỉ mục cho bảng `phancong`
--
ALTER TABLE `phancong`
  ADD PRIMARY KEY (`MaPC`),
  ADD KEY `FK_PC_GiaoVien` (`MaGV`),
  ADD KEY `FK_PC_MonHoc` (`MaMH`),
  ADD KEY `FK_PC_Lop` (`MaLop`);

--
-- Chỉ mục cho bảng `phieuthanhtoan`
--
ALTER TABLE `phieuthanhtoan`
  ADD PRIMARY KEY (`MaPTT`),
  ADD KEY `FK_PTT_HocSinh` (`MaHS`),
  ADD KEY `FK_PTT_ThuNgan` (`MaTN`);

--
-- Chỉ mục cho bảng `taikhoan`
--
ALTER TABLE `taikhoan`
  ADD PRIMARY KEY (`MaTK`),
  ADD UNIQUE KEY `TenTK` (`TenTK`),
  ADD KEY `FK_TK_VaiTro` (`MaVT`);

--
-- Chỉ mục cho bảng `thamso`
--
ALTER TABLE `thamso`
  ADD PRIMARY KEY (`MaThamSo`);

--
-- Chỉ mục cho bảng `thungan`
--
ALTER TABLE `thungan`
  ADD PRIMARY KEY (`MaTN`),
  ADD KEY `FK_TN_TaiKhoan` (`MaTK`);

--
-- Chỉ mục cho bảng `vaitro`
--
ALTER TABLE `vaitro`
  ADD PRIMARY KEY (`MaVT`);

--
-- Chỉ mục cho bảng `vipham`
--
ALTER TABLE `vipham`
  ADD PRIMARY KEY (`MaVP`),
  ADD KEY `FK_VP_HocSinh` (`MaHS`),
  ADD KEY `FK_VP_GiamThi` (`MaGT`),
  ADD KEY `FK_VP_LoaiViPham` (`MaLVP`);

--
-- AUTO_INCREMENT cho các bảng đã đổ
--

--
-- AUTO_INCREMENT cho bảng `ctptt`
--
ALTER TABLE `ctptt`
  MODIFY `MaCTPTT` int(11) NOT NULL AUTO_INCREMENT, AUTO_INCREMENT=36;

--
-- AUTO_INCREMENT cho bảng `danhhieu`
--
ALTER TABLE `danhhieu`
  MODIFY `MaDH` int(11) NOT NULL AUTO_INCREMENT, AUTO_INCREMENT=5;

--
-- AUTO_INCREMENT cho bảng `diem`
--
ALTER TABLE `diem`
  MODIFY `MaDiem` int(11) NOT NULL AUTO_INCREMENT, AUTO_INCREMENT=1410;

--
-- AUTO_INCREMENT cho bảng `hanhkiem`
--
ALTER TABLE `hanhkiem`
  MODIFY `MaHK` int(11) NOT NULL AUTO_INCREMENT, AUTO_INCREMENT=349;

--
-- AUTO_INCREMENT cho bảng `loaivipham`
--
ALTER TABLE `loaivipham`
  MODIFY `MaLVP` int(11) NOT NULL AUTO_INCREMENT, AUTO_INCREMENT=19;

--
-- AUTO_INCREMENT cho bảng `lop`
--
ALTER TABLE `lop`
  MODIFY `MaLop` int(11) NOT NULL AUTO_INCREMENT, AUTO_INCREMENT=7;

--
-- AUTO_INCREMENT cho bảng `monhoc`
--
ALTER TABLE `monhoc`
  MODIFY `MaMH` int(11) NOT NULL AUTO_INCREMENT, AUTO_INCREMENT=5;

--
-- AUTO_INCREMENT cho bảng `phancong`
--
ALTER TABLE `phancong`
  MODIFY `MaPC` int(11) NOT NULL AUTO_INCREMENT, AUTO_INCREMENT=110;

--
-- AUTO_INCREMENT cho bảng `phieuthanhtoan`
--
ALTER TABLE `phieuthanhtoan`
  MODIFY `MaPTT` int(11) NOT NULL AUTO_INCREMENT;

--
-- AUTO_INCREMENT cho bảng `taikhoan`
--
ALTER TABLE `taikhoan`
  MODIFY `MaTK` int(11) NOT NULL AUTO_INCREMENT, AUTO_INCREMENT=173;

--
-- AUTO_INCREMENT cho bảng `thamso`
--
ALTER TABLE `thamso`
  MODIFY `MaThamSo` int(11) NOT NULL AUTO_INCREMENT, AUTO_INCREMENT=3;

--
-- AUTO_INCREMENT cho bảng `vaitro`
--
ALTER TABLE `vaitro`
  MODIFY `MaVT` int(11) NOT NULL AUTO_INCREMENT, AUTO_INCREMENT=6;

--
-- Các ràng buộc cho các bảng đã đổ
--

--
-- Các ràng buộc cho bảng `bangiamhieu`
--
ALTER TABLE `bangiamhieu`
  ADD CONSTRAINT `FK_BGH_TaiKhoan` FOREIGN KEY (`MaTK`) REFERENCES `taikhoan` (`MaTK`);

--
-- Các ràng buộc cho bảng `ctptt`
--
ALTER TABLE `ctptt`
  ADD CONSTRAINT `FK_CTTPT_HocSinh` FOREIGN KEY (`MaHS`) REFERENCES `hocsinh` (`MaHS`);

--
-- Các ràng buộc cho bảng `diem`
--
ALTER TABLE `diem`
  ADD CONSTRAINT `FK_Diem_GiaoVien` FOREIGN KEY (`MaGV`) REFERENCES `giaovien` (`MaGV`),
  ADD CONSTRAINT `FK_Diem_HocSinh` FOREIGN KEY (`MaHS`) REFERENCES `hocsinh` (`MaHS`),
  ADD CONSTRAINT `FK_Diem_MonHoc` FOREIGN KEY (`MaMH`) REFERENCES `monhoc` (`MaMH`);

--
-- Các ràng buộc cho bảng `giamthi`
--
ALTER TABLE `giamthi`
  ADD CONSTRAINT `FK_GT_TaiKhoan` FOREIGN KEY (`MaTK`) REFERENCES `taikhoan` (`MaTK`);

--
-- Các ràng buộc cho bảng `giaovien`
--
ALTER TABLE `giaovien`
  ADD CONSTRAINT `FK_GV_TaiKhoan` FOREIGN KEY (`MaTK`) REFERENCES `taikhoan` (`MaTK`);

--
-- Các ràng buộc cho bảng `hanhkiem`
--
ALTER TABLE `hanhkiem`
  ADD CONSTRAINT `FK_HK_HocSinh` FOREIGN KEY (`MaHS`) REFERENCES `hocsinh` (`MaHS`);

--
-- Các ràng buộc cho bảng `hocsinh`
--
ALTER TABLE `hocsinh`
  ADD CONSTRAINT `FK_HS_TaiKhoan` FOREIGN KEY (`MaTK`) REFERENCES `taikhoan` (`MaTK`);

--
-- Các ràng buộc cho bảng `hocsinh_lop`
--
ALTER TABLE `hocsinh_lop`
  ADD CONSTRAINT `FK_HSLOP_HocSinh` FOREIGN KEY (`MaHS`) REFERENCES `hocsinh` (`MaHS`),
  ADD CONSTRAINT `FK_HSLOP_Lop` FOREIGN KEY (`MaLop`) REFERENCES `lop` (`MaLop`);

--
-- Các ràng buộc cho bảng `phancong`
--
ALTER TABLE `phancong`
  ADD CONSTRAINT `FK_PC_GiaoVien` FOREIGN KEY (`MaGV`) REFERENCES `giaovien` (`MaGV`),
  ADD CONSTRAINT `FK_PC_Lop` FOREIGN KEY (`MaLop`) REFERENCES `lop` (`MaLop`),
  ADD CONSTRAINT `FK_PC_MonHoc` FOREIGN KEY (`MaMH`) REFERENCES `monhoc` (`MaMH`);

--
-- Các ràng buộc cho bảng `phieuthanhtoan`
--
ALTER TABLE `phieuthanhtoan`
  ADD CONSTRAINT `FK_PTT_HocSinh` FOREIGN KEY (`MaHS`) REFERENCES `hocsinh` (`MaHS`),
  ADD CONSTRAINT `FK_PTT_ThuNgan` FOREIGN KEY (`MaTN`) REFERENCES `thungan` (`MaTN`);

--
-- Các ràng buộc cho bảng `taikhoan`
--
ALTER TABLE `taikhoan`
  ADD CONSTRAINT `FK_TK_VaiTro` FOREIGN KEY (`MaVT`) REFERENCES `vaitro` (`MaVT`);

--
-- Các ràng buộc cho bảng `thungan`
--
ALTER TABLE `thungan`
  ADD CONSTRAINT `FK_TN_TaiKhoan` FOREIGN KEY (`MaTK`) REFERENCES `taikhoan` (`MaTK`);

--
-- Các ràng buộc cho bảng `vipham`
--
ALTER TABLE `vipham`
  ADD CONSTRAINT `FK_VP_GiamThi` FOREIGN KEY (`MaGT`) REFERENCES `giamthi` (`MaGT`),
  ADD CONSTRAINT `FK_VP_HocSinh` FOREIGN KEY (`MaHS`) REFERENCES `hocsinh` (`MaHS`),
  ADD CONSTRAINT `FK_VP_LoaiViPham` FOREIGN KEY (`MaLVP`) REFERENCES `loaivipham` (`MaLVP`);
COMMIT;

/*!40101 SET CHARACTER_SET_CLIENT=@OLD_CHARACTER_SET_CLIENT */;
/*!40101 SET CHARACTER_SET_RESULTS=@OLD_CHARACTER_SET_RESULTS */;
/*!40101 SET COLLATION_CONNECTION=@OLD_COLLATION_CONNECTION */;
